position_id,ticker,strike,expiry,account,position_isOpen,lot_id,lot_isOpen,lot_buyDate,lot_contracts,lot_costBasis,flag
0FR3jbBJSMSu7PDzps79,GNRC,180,2028-01-21,IRA,true,ULqRGbgId77xq2XcSKHu,true,2026-06-10,1,10425.67,OK
0rUKxqMAfGbiwZ2cZgtO,VRT,230,2027-01-15,IRA ROTH,false,U2C0vaj4kAZHXRm9GcM0,false,2026-04-22,1,10750.67,OK
0rUKxqMAfGbiwZ2cZgtO,VRT,230,2027-01-15,IRA ROTH,false,uy8TTUgxAGu4oaJKsjIk,false,2026-04-22,1,10730.67,OK
1UDWxBh6Ig7NW7WqNZru,NFLX,75,2027-01-15,IRA ROTH,false,AOlh2UF62zYT3E8z3ZVA,false,2026-04-21,1,2480.675,OK
1UDWxBh6Ig7NW7WqNZru,NFLX,75,2027-01-15,IRA ROTH,false,TWxUJ0brZK4i6g3p5ICO,false,2026-04-21,1,2480.675,OK
1UDWxBh6Ig7NW7WqNZru,NFLX,75,2027-01-15,IRA ROTH,false,wV2PZUILomZwmSy5td2I,false,2026-04-21,2,4701.35,OK
1Xh4iHO5OpxPi4IhRzxN,FSLY,20,2028-01-21,IRA,true,qosjc7taGhevePnhJXu6,true,2026-05-07,1,1050.02,OK
1dNEouLKoHxfObrq6z7N,BE,150,2027-01-15,IRA ROTH,false,URGW3uT2EjzHxlqU8WAk,false,2026-04-17,1,9375.67,OK
1dVHEqDJPodlVbWLA73w,AVAV,160,2028-01-21,IRA,true,zflAAt90qCoos3idKpkv,true,2026-06-02,1,9700.67,OK
1sFmzWO0BaTcp8SCz7tM,COHR,300,2028-01-21,IRA ROTH,true,I0mrij8EMTiGbWqige3m,true,2026-06-09,1,18010.67,OK
1tNMU9IMt3zDlVrkew2R,PLTR,100,2027-01-15,IRA,false,C6gUBB5lExGOw6w20F4K,false,2026-03-30,1,5075.67,OK
27vzAuYbfKUJNfvI06Vn,FSLY,15,2028-01-21,DI Ind.,true,a7pCS0R2SKUT0u2gWud6,true,2026-05-07,3,3239.02,OK
2Apn4EeyUJ67F5w7H5QS,CRM,140,2028-01-21,IRA,true,fgyfR2gGYS7vGg6A2xQY,true,2026-04-29,1,6735.67,OK
2IIsR5dRCSIuQoTngCau,CBRS,170,2028-01-21,IRA,true,M76OpTaE7RGQB2eK94PP,true,2026-06-11,1,11375.67,OK
2IdcqR7wR9fWCbT0Ff9a,OKTA,60,2028-01-21,IRA,false,Sn2wKJb0bjN4fAL0EvC7,false,2026-04-23,2,6239.35,OK
2KrRxnumSMSEC0zUFmCf,FIG,15,2028-01-21,IRA,false,v5xq6ICBQPiOFtOSs9Rk,false,2026-04-17,5,3828.36,OK
2NHxgpKV4HeCLIF71I9m,CRWV,75,2028-01-21,IRA ROTH,true,JcO7SjvsxEyDfgNJ9q87,true,2026-05-19,1,4995.67,OK
2fKCvWBxzo91ZFCIjP0n,QCOM,130,2028-01-21,IRA ROTH,false,bsdKbjkqBz9LyDdKsqcb,false,2026-05-04,1,5565.02,OK
2hCAdOa94REMgXVYMr0g,RDDT,115,2028-01-21,IRA ROTH,false,kpfCbyYvVs8r64hl4hqw,false,2026-04-28,1,7150.67,OK
2uF1Xi6FpdhIMTnlnHu4,VEEV,155,2028-01-21,IRA,true,E14PIliDtMAeFNmdTFL4,true,2026-06-01,1,6900.67,OK
2xeRZxrGasdueZQR7mHi,PLTR,110,2028-01-21,IRA ROTH,true,1HyPAjnYz2Yj8RsRGSgw,true,2026-04-23,2,12281.35,OK
2xeRZxrGasdueZQR7mHi,PLTR,110,2028-01-21,IRA ROTH,true,7yXk3a1IFGHOh2y6CfLY,true,2026-04-23,1,5950.67,OK
2xeRZxrGasdueZQR7mHi,PLTR,110,2028-01-21,IRA ROTH,true,A3cM52Zp9btxN2RsAxCH,true,2026-04-23,1,6035.67,OK
35BE3XzgRHjLanm4n0GX,SMCI,28,2028-01-21,IRA ROTH,true,aYnMYoZiij8jfephef0j,true,2026-06-10,1,1670.67,OK
38jVWgoSlVahlNNGwqQa,MU,320,2027-01-15,IRA,false,UJR73CbmbENd0djp0UKr,false,2026-04-15,1,17631.67,OK
3DAxgL7Ne7HcQgC72g7B,CRWD,500,2028-01-21,IRA ROTH,false,yMshcURCux1IGDIAayu4,false,2026-05-27,1,26175.67,OK
3PptyERzVtAtP1n63zEY,BE,245,2026-06-18,IRA,false,QsIGJFKN08B88oXrCiAP,false,2026-05-22,1,7075.67,OK
3UZeSbfPBkdSrRkv3sKX,AMD,320,2028-01-21,IRA,false,CyRYSix0LrLw5W6Yg22S,false,2026-05-07,1,18630.025,OK
3UZeSbfPBkdSrRkv3sKX,AMD,320,2028-01-21,IRA,false,TqxcM6e8Sq7ZTQVO1xay,false,2026-05-07,1,18630.025,OK
3V9lz9orqSREsTG27lnm,NTNX,40,2028-01-21,IRA,true,6iubqI3sRotJD3AJcn12,true,2026-06-11,1,1875.67,OK
3a7i1MIcRx4cmA27P223,FSLY,20,2028-01-21,IRA,true,tqpQU34nueeS68AzT4FF,true,2026-05-07,2,2166.05,OK
3j0kbD3cS8ILDMKXJpXZ,WDC,210,2027-01-15,Margin,false,kOcvJdIUpAxbyKMH1u7b,false,2/11/2026,1,10868.02,OK
3j0kbD3cS8ILDMKXJpXZ,WDC,210,2027-01-15,Margin,false,rzt77DZOUGyHdxY7YtZk,false,3/3/2026,1,9375.02,OK
4C4cz0y9Q3yHyxh7GBtk,COHR,290,2028-01-21,IRA ROTH,false,9IufdqAU8EVfsq3xLoiA,false,2026-05-29,1,17228.67,OK
4Cd90bccSRCplmVMCLl6,CRM,140,2028-01-21,IRA,true,4gaQntZYtcbBFnvfopRo,true,2026-04-30,1,6200.02,OK
4EWwtX2uNREDQbMy9L4W,MDB,280,2028-01-21,IRA,true,LMt0OvLLPxQrBoEJpOmk,true,2026-06-03,1,17085.67,OK
4I8aNqqwByjZsUjToiwR,FSLY,15,2028-01-21,IRA,true,B6laGqEtlWbn6osSe1wy,true,2026-05-12,10,10446.72,OK
4OS2j652ENL7tf85mRJB,EWY,120,2028-01-21,IRA,false,olLE3LwhslcgHArgedyU,false,2026-06-05,1,8265.67,OK
4YGnGR9sIOa869RkKKcr,TSM,300,2028-01-21,IRA,false,t2ls9fr7NPSvYkaYHaPU,false,2026-04-30,1,14575.02,OK
4e8om4hajSCC4EEPpAmx,EWY,120,2028-01-21,IRA,false,6anGvstx2fP6ego3kreJ,false,2026-05-19,1,6926.67,OK
4t6EKGRHAUTcBLnXDSnL,FSLY,20,2028-01-21,IRA ROTH,true,nJFk6QqHsWS5X8sBLCFR,true,2026-05-07,1,1070.02,OK
4wOdi24fjfKq5Et0Thgt,MRVL,60,2027-01-15,IRA,false,ZP1CXjBAQPxEVxuPJsPQ,false,2026-03-30,1,3470.67,OK
5Db7Tu0MvR3PZ8P6oibV,NOW,75,2028-01-21,IRA,true,PT50ZVhzH3sAb1AoZX3H,true,2026-06-12,1,4656.67,OK
5EyrRqSD85suie94rHMx,BE,220,2028-01-21,IRA,true,dFJxxI3wGn6owMyrlQOO,true,2026-05-18,1,13948.67,OK
5GqNYQ4io9cNW8iFXXRT,ARM,250,2028-01-21,IRA ROTH,false,J4xUvXFbnshpcXspQaHW,false,2026-06-09,1,16525.67,OK
5HGZ3xffQrvfwOSr1Foy,ANET,115,2028-01-21,IRA ROTH,true,KR5BRdIn2GtZ7R7mcuo0,true,2026-05-06,1,6032.02,OK
5HGZ3xffQrvfwOSr1Foy,ANET,115,2028-01-21,IRA ROTH,true,wlgRQVEzTWLmXj8Z2uPI,true,2026-05-06,3,17556,OK
5HGZ3xffQrvfwOSr1Foy,ANET,115,2028-01-21,IRA ROTH,true,y7ZCNzbPD7rECJUGD9RV,true,2026-05-06,1,5574.02,OK
5Ly6O2dOsLABoOI4oUxH,LULU,95,2028-01-21,IRA,false,GK0gxm1OAI35tkafiz3X,false,2026-05-12,1,5123.67,OK
5deZRMYx0vKWKzEYhP0X,VRT,230,2028-01-21,DI Ind.,false,685bm6r6S0sCwvr6MGj3,false,2026-04-28,1,13300.67,OK
5qZ611eUZUdDB4EkbS1N,P,60,2028-01-21,IRA,true,1JyFxgwhmo2HTBrwnsmm,true,2026-05-28,1,3032.67,OK
5tfzbEUB64C5j4mDPvhp,NET,210,2028-01-21,IRA ROTH,true,P48Trqs0xTafABraRxxb,true,2026-06-04,1,12285.67,OK
5wlM8oUwFZmRXfg3GkbV,RDDT,130,2028-01-21,IRA,true,pTKdDo9A19BwHy6KyrfK,true,2026-06-02,1,7993.67,OK
64xya7HEVoWkgSEJdOaJ,ARM,155,2028-01-21,IRA,false,ztxLaQZBAWoQup1LtYRx,false,2026-05-15,1,10400.67,OK
66zzZsySvh52PDrNVKMi,LMND,45,2028-01-21,IRA,true,NlZLtriUKFAbfuo9sQtg,true,2026-06-03,1,2588.67,OK
6AsLlEWREXuLMhRSGU8r,NBIS,190,2028-01-21,IRA,true,YGWfjYdUOwLNfWmYzgza,true,2026-06-05,1,12215.67,OK
6Ast5cric0AqDuoBRKXt,ARM,250,2028-01-21,IRA,false,nUuCscbvTmwsOvS7JpId,false,2026-05-27,1,14475.67,OK
6D9ZiOybwCufoOCy1yU5,P,60,2028-01-21,IRA,true,7fKNft5wFi7K3t23hNgb,true,2026-05-28,1,3195.67,OK
6GvsdV2Dinz7c8pvCpOn,MRVL,120,2028-01-21,DI Ind.,false,gvERwVSnzeyVrTE1poba,false,2026-04-28,1,6803.67,OK
6KG4UXjBZK7LLrQ0Fb9Q,RDW,17,2028-01-21,IRA,true,kcQIlBFJMParS5Vjivrl,true,2026-06-12,5,4213.36,OK
6WCP7bse4ygj0XfRbcSU,NVDA,165,2028-01-21,IRA ROTH,true,odeJ9sx8Q3T9sjr7vuOs,true,2026-05-07,3,23775.07,OK
6c9HOztpdtC3fjRYpa4I,AVAV,145,2028-01-21,IRA ROTH,true,MrjbXBIliKL8W8J7D2fo,true,2026-06-03,1,9650.67,OK
6j6gxgO979S7sBbq78Gs,MRVL,55,2027-01-15,Margin,false,JlegOh4lVNA9OJcZkBvT,false,2/5/2026,1,2500.02,OK
6n5rtyOK6iB3mY8vM931,COHR,280,2028-01-21,IRA,false,gFsQ7LYo5UGsXBHPSi3J,false,2026-05-19,1,17350.67,OK
7H4QCqcW3tEgLpPLfDO1,NBIS,200,2028-01-21,IRA,true,JxRbQ6EHRMwzDY3RGrmL,true,2026-06-05,1,12000.67,OK
7HaFT22uAXKQ52D6WIWI,NOW,70,2028-01-21,IRA,true,RNdUAjBXxayMsXGlND4u,true,2026-05-01,1,3910.02,OK
7LjbuIXAT1r0jnIizE4J,WDAY,90,2028-01-21,Margin,false,vk9pLzm7Z4YFlriUBS9f,false,2026-04-23,1,4970.67,OK
7VcHDDqP5ViPToxhlxQa,AMAT,300,2028-01-21,IRA,false,WaBm7nyE1N0EwDa50TyW,false,2026-05-01,1,16100.02,OK
7vUlMF4jRwIhu3cEhqTk,NOW,65,2028-01-21,IRA,false,0mLPVCI9l4qjr7ZdbUPD,false,2026-04-23,1,3637.67,OK
7vUlMF4jRwIhu3cEhqTk,NOW,65,2028-01-21,IRA,false,VqeUqupdO9dDvjZLpjvq,false,2026-04-23,1,3967.67,OK
885uogLjcwb4nrFHt8Vx,AMD,350,2028-01-21,IRA,true,b8NeVV9J0SK5HUzsta94,true,2026-06-05,1,22100.67,OK
8BQVgp1XRIxSaRf8lHXG,TSLA,240,2027-01-15,IRA,false,Hjwn3QqE5GDBYXIpoA7P,false,2026-03-30,1,13358.336666666668,OK
8BQVgp1XRIxSaRf8lHXG,TSLA,240,2027-01-15,IRA,false,RQ0LwIUTUcBAULkEBb0u,false,2026-03-30,1,13358.336666666668,OK
8BQVgp1XRIxSaRf8lHXG,TSLA,240,2027-01-15,IRA,false,chlZ1Ovw0ooEQtyaEs9r,false,2026-03-30,1,13358.336666666666,OK
8F61hLdHA6spRg00Pnph,PWR,580,2028-01-21,IRA,true,BFvXyD7t0WExrY4HsCdc,true,2026-05-12,1,29750.67,OK
8InTmp7ScRcSEuymWPwl,APLD,40,2028-01-21,IRA ROTH,true,Io2ljQKdho48Tl01vuiJ,true,2026-05-29,1,2496.67,OK
8OKwBydKrNSR1IWxGvIl,FSLY,20,2028-01-21,IRA,true,GBFGHelXsPPOnTbmSox7,true,2026-05-07,1,1095.02,OK
8U6jsAnCRsAISS9qrtis,LMND,45,2028-01-21,IRA,false,we7kbbE2wq5f7zcqibdB,false,2026-04-29,2,5667.35,OK
8iqw1fowb50bK0mAujwz,AMD,310,2028-01-21,IRA ROTH,false,VU6XPIeydgWbvZxiLTnF,false,2026-05-07,1,18642.02,OK
8u2X3cdY6RZPlGIHewuc,SMCI,30,2028-01-21,DI IRA,true,uDzala66V9RxtcadcOPI,true,2026-06-10,1,1597.67,OK
8zMkYMhk4gritmoTmqqT,CVS,62.5,2028-01-21,IRA,false,1EgaEayohXPSVWuLbw5h,false,2026-04-29,1,2491.6720000000005,OK
8zMkYMhk4gritmoTmqqT,CVS,62.5,2028-01-21,IRA,false,AcxaiSaswmkQoqFhrQUK,false,2026-04-29,1,2491.6720000000005,OK
8zMkYMhk4gritmoTmqqT,CVS,62.5,2028-01-21,IRA,false,Svx0fDqDLkvdS3ptkBTh,false,2026-04-29,1,2491.672000000001,OK
8zMkYMhk4gritmoTmqqT,CVS,62.5,2028-01-21,IRA,false,TYZ4JPoTxMCW81wO1FzS,false,2026-04-29,1,2491.672000000001,OK
8zMkYMhk4gritmoTmqqT,CVS,62.5,2028-01-21,IRA,false,qLsSbpISnCMA3aR8STNu,false,2026-04-29,1,2491.6720000000005,OK
8zMkYMhk4gritmoTmqqT,CVS,62.5,2028-01-21,IRA,false,ywF2yF46vo4sMaKDjyOo,false,2026-04-29,1,2491.6720000000005,OK
8zknvjFeFP5CUw5KUr9d,EWY,125,2028-01-21,IRA,false,rydvfs7jWJKRNdG2KTnv,false,2026-05-12,1,7380.67,OK
9EyVEi7QFkZLwo6esvD8,PANW,135,2028-01-21,IRA ROTH,false,KLMDX1EGDuEQHiwTnG7p,false,2026-04-23,1,6550.67,OK
9EyVEi7QFkZLwo6esvD8,PANW,135,2028-01-21,IRA ROTH,false,vZSq5PYQx3EkExjflx9V,false,2026-04-24,1,6628.67,OK
9HaFR6QJIbBbqNTXZxhN,PLTR,105,2028-01-21,IRA,true,MVz5HPnJclNzGyHEwaN9,true,2026-05-05,1,5625.02,OK
9HaFR6QJIbBbqNTXZxhN,PLTR,105,2028-01-21,IRA,true,oIGiku7Ggfkh3XCc0gNJ,true,2026-05-05,1,5625.02,OK
9IPOY0pD5sY2V0rIXQNn,AMZN,210,2028-01-21,IRA,true,6ipiT7ouGGbCY63xGRHN,true,2026-05-19,1,8188.67,OK
9MSlKqYrwzoGERVDUezG,IREN,50,2028-01-21,IRA,true,Bj6XNgBNpSVf84vuPYVs,true,2026-06-05,1,3130.67,OK
9MqFZfdPqj9bzQ4SSYEA,DELL,175,2028-01-21,IRA,false,cy50JLbX6SpVxuqz8EIq,false,2026-05-01,1,7725.02,OK
9XLQm4AZ3cy2K1F477Cj,ADBE,160,2028-01-21,IRA,true,rqD5rUKaXDv62DNxbCwk,true,2026-06-12,1,7600.67,OK
9aEqGfAYBxyfeeEphJVs,ANET,115,2028-01-21,IRA ROTH,true,PQYrtwaxYnomecMotj0j,true,2026-06-04,1,7790.67,OK
9d1h8kUjYOpoMU6vbQBO,RDDT,115,2028-01-21,DI Ind.,false,O92WfQmjVKZ76sM6AKa6,false,2026-04-28,1,6987.67,OK
9rqWibsumbwuKJAHQ60A,ARM,160,2028-01-21,IRA ROTH,false,l0LDuixGxro0ruFBpTS2,false,2026-05-07,1,9768.02,OK
9sduhdRwU0RuU680sl0I,HIMS,25,2028-01-21,IRA ROTH,false,S6LAMGMRiUbAtnevvHQH,false,2026-04-29,5,6473.37,OK
9wmO3X1LoPGzzR96fFtF,AMD,150,2027-01-15,Margin,false,W0P81P8jwEXRiZ2Oze6X,false,3/3/2026,1,6310.02,OK
9wmO3X1LoPGzzR96fFtF,AMD,150,2027-01-15,Margin,false,lNxJMNcUNX4MQx54tTyX,false,2/5/2026,1,6684.02,OK
ALKIPqewDO8GTm4TTLUX,BE,190,2028-01-21,IRA,false,SAFXz74FAyaKdeBRhMRe,false,2026-04-30,1,15700.02,OK
AUbSzaIOMy8h0Lq9874P,ARM,177.2,2026-05-15,IRA,false,4tVfwdEkzGrSfLX8k2FA,false,2026-04-23,1,3788.67,OK
AYHSQ3XvkvTIXIvgJpDn,NET,150,2028-01-21,IRA,false,eQTDJGBBe0vuVWamOiEq,false,2026-05-15,1,8926.67,OK
AgM8L3ExVZZZ3cJYSExT,NFLX,75,2028-01-21,IRA ROTH,true,3ydT23gTP9CJBp33SdXQ,true,2026-04-27,2,6117.34,OK
AzAfDGecwpdkmi3YDrRV,CEG,230,2027-01-15,IRA,false,Sr1HboqRiUSg1rtQhFVO,false,2026-04-18,1,9005.67,OK
AzAfDGecwpdkmi3YDrRV,CEG,230,2027-01-15,IRA,false,aZgLHH015UcrBZ4k45di,false,2026-04-18,1,9185.67,OK
AzAfDGecwpdkmi3YDrRV,CEG,230,2027-01-15,IRA,false,s2mqJrW6IWiTEW3Pwf1k,false,2026-04-21,1,7860.67,OK
BBNfLspCJf7xkyrdIXpo,WDAY,105,2028-01-21,IRA ROTH,true,z7ni3ZKcHYFP0AxMqxa6,true,2026-05-19,1,5290.67,OK
BHOqyKz4Q9gzDHAMSm0E,SMCI,28,2028-01-21,IRA,true,RIp124zUseLZcARURx1R,true,2026-06-10,1,1660.67,OK
BTvynotC0ghakkKnAvNK,AVGO,320,2028-01-21,IRA,true,dtFas25t20QlJwPa8XiQ,true,2026-04-28,1,14556.67,OK
BgLol9WdT2bJHpycaj4a,MU,530,2028-01-21,IRA,false,eac21iyyPUW6Tf3BaLyh,false,2026-05-18,1,32413.67,OK
BgwmqMcAUN52lrcdXRvq,NET,120,2027-01-15,IRA,false,tuCC20hZ00wBfImZl3eV,false,2026-02-23,1,5870.02,OK
BjNPIq3okZYG6DmaU375,AVGO,310,2028-01-21,IRA,true,gBHEWZAiK3pq5fff4YgJ,true,2026-05-07,1,16305.02,OK
Bkb8vkXdNiQ40rgddIHC,MU,570,2028-01-21,IRA,false,GiYZKaTXkeu6T1hAJWFt,false,2026-05-15,1,37057.67,OK
BskcVGLljciJ481nwmU9,STX,620,2028-01-21,Margin,false,OhMhaNxmVoEMvGcqxtuP,false,2026-05-12,1,38650.67,OK
BznjQ0uPym9sW944vXJM,RDDT,115,2028-01-21,IRA ROTH,false,LWuXgsytI02JmKfWGN13,false,2026-04-28,1,7027.67,OK
C5JJ4VEPvPuDojPiJYut,AVGO,300,2028-01-21,IRA ROTH,true,4I81gSDqcycTZIJjsEM8,true,2026-06-04,1,16410.67,OK
C5SePmRrJqmpotyIr5CR,ORCL,110,2027-01-15,IRA,false,IVTDoEB2q4W0SQbvvMdq,false,2026-02-23,1,4841.682500000001,OK
C5SePmRrJqmpotyIr5CR,ORCL,110,2027-01-15,IRA,false,JqBc3vLs8RdmSQDlTvqP,false,2026-02-04,1,4841.6825,OK
C5SePmRrJqmpotyIr5CR,ORCL,110,2027-01-15,IRA,false,WILfa2uqLEFQ2uMRf9Os,false,2026-02-20,1,4841.682500000001,OK
C5SePmRrJqmpotyIr5CR,ORCL,110,2027-01-15,IRA,false,kIpCWZQ6uWfWWWPl2OYl,false,2026-03-25,1,4841.6825,OK
C5SePmRrJqmpotyIr5CR,ORCL,110,2027-01-15,IRA,false,lRZlmBme5jHCT46tp12b,false,2026-04-10,1,4320.67,OK
C5SePmRrJqmpotyIr5CR,ORCL,110,2027-01-15,IRA,false,pXWx8fqiO68gLEuPijQ7,false,2026-04-09,1,4235,OK
C5ZtNxINkAncjVJJ8hIC,AMD,160,2027-01-15,Margin,false,jWLdFCcXf0ofZoktY16l,false,3/3/2026,1,5790.02,OK
C5ZtNxINkAncjVJJ8hIC,AMD,160,2027-01-15,Margin,false,qwsxZ6R1xn4TlKbaw2AK,false,2/4/2026,1,6774.02,OK
C7I5oq8H99ZeJGlL48pF,LMND,45,2028-01-21,IRA,false,rzC9jVXk1TTtFJ58OruK,false,2026-04-29,2,5527.34,OK
CMvDu1QdSYXOylchj2GX,NVDA,160,2028-01-21,DI Ind.,true,QlqERU18ri9SCmkIrmEX,true,2026-05-01,1,7140.67,OK
CSQuZytJkjXHKCdS50i6,WDAY,100,2028-01-21,IRA ROTH,true,zn0EotAOg1CcyjqdloXu,true,2026-06-02,1,6790.67,OK
CUuvcIbl9qWQaPzF88hX,SNOW,115,2028-01-21,IRA ROTH,false,fNdB5fDH86YsZo8kmBz5,false,2026-04-23,1,6184.67,OK
CUuvcIbl9qWQaPzF88hX,SNOW,115,2028-01-21,IRA ROTH,false,m6z0pGFcFnN9ZDCTdnIq,false,2026-04-24,1,5695.67,OK
CUuvcIbl9qWQaPzF88hX,SNOW,115,2028-01-21,IRA ROTH,false,nTCkcFjCfPOe8sa0hk7I,false,2026-04-24,1,5705.67,OK
CW5TAIXZHkQpGgNcLndR,CRWV,85,2028-01-21,IRA,true,98mXZ3r3fnXC1UOmzYyU,true,2026-05-12,1,5163.67,OK
CiJrWXIsq5pxlclny097,AMD,290,2028-01-21,IRA ROTH,false,J8UpkryMyxjFnVoGXLkc,false,2026-04-28,1,11740.67,OK
CjrTyxop45xcwt7RMVQy,MDB,240,2028-01-21,IRA ROTH,false,O0HkwKgLyeDi3EgeYNjc,false,2026-05-29,1,14125.67,OK
D9XnldruEQQxLuvPhY9v,EWY,125,2028-01-21,DI IRA,false,zvt3WM9kelfLbe0cXDVi,false,2026-06-05,1,8700.67,OK
DKpDnGu2X5plHNxp7isY,OKTA,60,2028-01-21,IRA,false,vmh9IZpxkZZo8DWhmogB,false,2026-04-29,2,6129.35,OK
DNOyJVVeIlVog3lRV5ru,FSLY,20,2028-01-21,IRA ROTH,true,gbUBgo1oEFph8If6N2HH,true,2026-05-07,1,1085.02,OK
DNSPGBzjEnqW7MeOMaMG,MDB,280,2028-01-21,IRA ROTH,true,oODYdoUrkgXgroduECy1,true,2026-06-03,1,17168.67,OK
DUooIKANYy6Pejxorbgy,INTC,90,2028-01-21,IRA ROTH,true,k2yNIKfvNSV8UaxiyxJJ,true,2026-05-12,1,5678.67,OK
DVjgcqGW57kpsmOSkyrh,STX,570,2028-01-21,IRA ROTH,false,3Kaq7oFLWE1euSHSdP1V,false,2026-05-07,1,36690.02,OK
DXLbdTMTsSQ0ZXSaks7d,GLW,150,2028-01-21,IRA,true,CbckagqhBqiXsT4RPavp,true,2026-05-15,1,9095.67,OK
Da7rxDmp9eJGkmsmcjKq,NET,120,2026-03-20,IRA,false,VKuNklPsWTh1Tcfw611C,false,2/23/2026,1,4239.02,OK
Da7rxDmp9eJGkmsmcjKq,NET,120,2026-03-20,IRA,false,ngQdQR2mR6LiznTZUUbw,true,2026-02-23,1,4239.02,STATUS_MISMATCH
Dts02OsypbYCe6KJTF5u,CRWV,80,2027-01-15,IRA,false,JVfpB0AAWf0ekSt85IdP,false,2026-04-21,1,5030.67,OK
Dts02OsypbYCe6KJTF5u,CRWV,80,2027-01-15,IRA,false,ZxAjWKlQtMOoNAvRwczo,false,2026-04-20,1,4803.67,OK
E6KfRPwQ8p7XFAmOIeG1,CRWD,500,2028-01-21,IRA,false,dYcTGE6bBQpwbnMRyF9m,false,2026-05-27,1,26150.67,OK
EAntOjRUBVd082KGZLOD,ARM,170,2028-01-21,IRA,false,k6IGdAc3U8Cw3oGwoKBz,false,2026-04-28,1,8350.67,OK
ECSIfmuB2c3a9n0CHkQH,PI,70,2026-12-18,IRA,false,rWplKgYjE6ATisxtiWf9,false,2026-04-02,1,4330.67,OK
EH4DKzt0vZ0AExwFWRTF,QCOM,175,2028-01-21,DI Ind.,true,eeOkoyI5f7jhsU2yJYD7,true,2026-05-27,1,9450.67,OK
EQcwke1PKu8aKka7Vwvs,HUBS,170,2028-01-21,IRA,true,irR8GlL5LQpXrdSqWpUu,true,2026-06-03,1,10600.67,OK
ESSh6ryRu8qse7edCADA,MRVL,110,2028-01-21,IRA,false,XwovopWDU9TH8jXm1xPA,false,2026-04-28,1,7346.67,OK
EZ4Tba1g1baLPrJI7jUR,CRWV,95,2028-01-21,IRA,true,C0UFR944IUvBvvFFoW9Y,true,2026-04-22,1,6220.67,OK
EZ4Tba1g1baLPrJI7jUR,CRWV,95,2028-01-21,IRA,true,R4zwsWEsO5elNTdMY9Tv,true,2026-04-24,1,4991.67,OK
EZ4Tba1g1baLPrJI7jUR,CRWV,95,2028-01-21,IRA,true,sYiW0kkqMFsHtjiyzaCT,true,2026-04-24,1,5310.67,OK
EoDxpB1W9t4FzLHehOJK,DELL,155,2028-01-21,IRA ROTH,false,cqibjXSDaZiI1JDodrxK,false,2026-04-29,1,8425.67,OK
Eq5DMB3QE3KxqKa62unl,AMAT,300,2028-01-21,IRA,false,3seIirvW4q3VpL3sOoXi,false,2026-04-28,1,15496.67,OK
EzDZ3ScNMLlupK1F5cgX,AMAT,300,2028-01-21,DI Ind.,false,bfavCVcafNr5Co8NNZVl,false,2026-04-27,1,16700.67,OK
F4uhx1LihYsxTnaJzxrF,QCOM,170,2028-01-21,IRA ROTH,true,hQ8Ei1qf2WwD6OqjPs2x,true,2026-05-27,1,9938.67,OK
F8kWUp3ZvsYJutA0bwxX,ARM,170,2028-01-21,IRA ROTH,false,C0Xs2fPIVWjkIE7bxUZx,false,2026-04-27,1,9266.67,OK
F8kWUp3ZvsYJutA0bwxX,ARM,170,2028-01-21,IRA ROTH,false,dvCFHZ9kD3FCx9ez9R3y,false,2026-04-27,1,9303.67,OK
F9oaa8RxmnzxPrdOKkMn,COHR,250,2028-01-21,IRA,false,2SLj1bg1M3T3zLL6Q9xf,false,2026-05-07,1,15175.02,OK
FFCQrYQQKFIt2UeDn7tD,IREN,45,2028-01-21,IRA,true,W04NdH9MAaKiE1dZQLYM,true,2026-06-05,1,2966.67,OK
FLv0eEXI3MdkBPcBuAAW,NOW,65,2028-01-21,IRA,false,wjktC3VM8WbUCT3kUsgs,false,2026-04-29,1,3860.67,OK
FOAn6Z87QvIZibsgDLt9,FSLY,15,2027-01-15,IRA,false,PKxmaXdXRNVzhyMzNaK3,false,2026-04-10,1,1210,OK
FOAn6Z87QvIZibsgDLt9,FSLY,15,2027-01-15,IRA,false,g1jHmporSNXcM3x55a9p,false,2026-04-10,1,1210,OK
FSs2UEK8IVHWjoIPQahf,BE,190,2028-01-21,IRA,false,GWJ5aqK86O7WpO1EgmTu,false,2026-04-28,1,12090.67,OK
FUukrt9bT9V9XpwId4eO,SAP,150,2028-01-21,IRA,true,bfQZbbHV3jxYM3sBqhA6,true,2026-06-03,1,5854.67,OK
Fc11nVzENhUnmjJR8ORh,DELL,155,2028-01-21,IRA ROTH,false,V3Xg4LCu644Sctydgsva,false,2026-04-28,1,8545.67,OK
FdXE77sU6I1ITmTzVH6J,SHOP,105,2026-05-15,IRA ROTH,false,MhA6SYqPY3k841x4fKDT,false,2026-05-05,4,4180.09,OK
FdXE77sU6I1ITmTzVH6J,SHOP,105,2026-05-15,IRA ROTH,false,yRGdr1JWf33xfGZeZp8Z,false,2026-05-05,4,4180.09,OK
FhTsIJjH5RZgTBx2ANqI,SMCI,25,2027-01-15,Margin,false,WWASBDEv4kaylLpasxJ6,false,3/3/2026,1,1073.02,OK
FhTsIJjH5RZgTBx2ANqI,SMCI,25,2027-01-15,Margin,false,hGxaI7yby1ThNBUtKMiY,false,2/5/2026,1,1130.02,OK
FhTsIJjH5RZgTBx2ANqI,SMCI,25,2027-01-15,Margin,false,w4EcCcl7bL7wV26cWmfo,false,2/5/2026,2,2538.05,OK
FqVvfhLZz4yKKWXsmFXi,MRVL,120,2028-01-21,IRA,false,1tpnxFKcLfimUqnyz4RK,false,2026-04-27,1,6975.67,OK
FqyNFsyE2XzXGl7wnq9Y,AMD,290,2028-01-21,IRA ROTH,false,ZBBeomi6uR0Em2EYz2kF,false,2026-04-27,1,12965.67,OK
GBEMukVnCtqFjLOCmnVd,KTOS,50,2028-01-21,IRA,true,gCTWHuFmKkDIJjOFFoeW,true,2026-06-02,1,2950.67,OK
GCOi8KPZdjINyja8reZf,ORCL,135,2028-01-21,IRA,true,10CA4gkq8SXnXraeD4Yw,true,2026-06-11,1,7630.67,OK
GGYKMz55d5JCsfBKYxBW,FSLY,15,2027-01-15,IRA ROTH,false,DkeqNMzElBNaBs4ywVcF,false,2026-04-17,1,1300.67,OK
GGYKMz55d5JCsfBKYxBW,FSLY,15,2027-01-15,IRA ROTH,false,c9jywwiv3J2libFaAXPS,false,2026-04-17,4,5202.69,OK
GGYKMz55d5JCsfBKYxBW,FSLY,15,2027-01-15,IRA ROTH,false,jzx2BKcEKm3wH63swQNn,false,2026-04-23,5,6253.37,OK
GTKa34j9AaBge7HpFlzt,MRVL,230,2028-01-21,IRA,true,Ex3aCzPLivae9pwztoll,true,2026-06-05,1,13975.67,OK
GYjxXHO9KY0kUcubWfwu,GLW,140,2028-01-21,IRA,true,aqu9U8nWhb9JzeTNzg4S,true,2026-06-05,1,8607.67,OK
GaLviBWiTUb7jf5a5rRw,NET,210,2028-01-21,IRA ROTH,true,U6n6SwD5MBLsAXu7JoKv,true,2026-05-08,1,8548.67,OK
GeXYXSCuCDQIwZkrcTdL,PWR,500,2028-01-21,IRA,false,0hCfnkW7RqUEJj6Bj0HZ,false,2026-04-29,1,22470.67,OK
Gf0thwQpkYHQI4eqKv6X,SAP,145,2028-01-21,IRA ROTH,true,14Cf9Vl67hQBog8jmr8f,true,2026-06-03,1,5999.67,OK
Gnhox8uCsGvJppSrfHTT,VST,120,2028-01-21,IRA,true,yFRurubi23fxJyGy6NbW,true,2026-05-01,1,6405.02,OK
H3rjOpPgQDppFj3Fe0kM,FSLY,15,2028-01-21,DI Ind.,true,Bxg4nT7KbTccqQsY2FLu,true,2026-05-07,1,1075.67,OK
H4FcdCwG4op7YouHA5UF,ARM,240,2028-01-21,IRA,false,9TcbeF5i5pgXTqqI5lCB,false,2026-05-22,1,15160,OK
HNcEonnGZHUiLrp5AgIC,TSLA,300,2027-01-15,DI IND,false,F86gymQ0jkYgxnDpw5ue,false,2026-04-08,1,12490.67,OK
HNcEonnGZHUiLrp5AgIC,TSLA,300,2027-01-15,DI IND,false,cbuxFfQ0dgIxxT8wcKmw,false,2026-03-13,1,16121.67,OK
HQFIliJ4TmqyqiatPtbM,WDC,210,2027-01-15,IRA,false,CvkDvKQNG0R9yWR4CGNi,false,2/11/2026,1,10965.02,OK
HQFIliJ4TmqyqiatPtbM,WDC,210,2027-01-15,IRA,false,naLwYj6U9FDE5QmPcRj0,false,3/12/2026,1,9950.02,OK
Hbn2OwTlPw7EgheOClpl,FIG,15,2028-01-21,IRA,false,ybq3NJvkHxVMPynuFVH3,false,2026-04-16,5,3978.35,OK
IG0NDwPr1fybcz2kij4y,WDAY,105,2028-01-21,IRA ROTH,true,S2lGzj1qWK6h5MSPH358,true,2026-06-11,1,5492.67,OK
IS5Rw0Mi2lyipdzIu3xn,IREN,47,2028-01-21,IRA ROTH,true,zYOFPZPT05XmsWloCtRk,true,2026-06-05,1,3103.67,OK
ISRsNX2bqE9NPc9fizCM,MDB,190,2028-01-21,IRA ROTH,false,5EgAUNi79rIMzdCRj640,false,2026-04-23,1,12000.67,OK
ISRsNX2bqE9NPc9fizCM,MDB,190,2028-01-21,IRA ROTH,false,DSN9z0qxhP9GTpHFluEQ,false,2026-04-24,1,11782.67,OK
IUj9zA9r3MlcqWTZnOUy,QCOM,150,2028-01-21,IRA,false,dEXpdgUm3ZxnwoSeT95f,false,2026-05-14,1,7682.67,OK
IV9l7CzGbqfbvDJQjAGK,CBRS,175,2028-01-21,IRA,true,9tL9DHgHdjNpZsRH0nI2,true,2026-06-12,1,11000.67,OK
IW4OSP6RfSmuID79Ed55,PWR,520,2028-01-21,IRA ROTH,true,Qo8QrkRhCTGKpDYXVnTP,true,2026-06-01,1,27650.67,OK
Ib31V6flBnAowFXhnnKx,MRVL,100,2027-01-15,IRA,false,1F9yWlHrUUwtRKy65zn8,false,2026-04-16,1,4755.67,OK
IdhCRuYfGCrLfdUp7IbO,NOW,70,2028-01-21,IRA ROTH,false,JzMYqaC7kW0KE4bcLV9Z,false,2026-04-23,1,3654.67,OK
IdhCRuYfGCrLfdUp7IbO,NOW,70,2028-01-21,IRA ROTH,false,LCo5wFPEdvJnZDbeJJsl,false,2026-04-23,1,3400.67,OK
IdhCRuYfGCrLfdUp7IbO,NOW,70,2028-01-21,IRA ROTH,false,TyhdKZntkiMIghhsGycK,false,2026-04-23,1,3495.67,OK
IdhCRuYfGCrLfdUp7IbO,NOW,70,2028-01-21,IRA ROTH,false,yGauqXyXksP39Jk1jITZ,false,2026-04-23,1,3370.67,OK
Iipmfe0rod5L2lThBUg1,VRT,220,2028-01-21,DI IRA,true,XYrj3tbSD2iDgyX5wuCo,true,2026-06-09,1,13050.67,OK
IlXD7mQBTUFQKXXcKJGh,MU,600,2028-01-21,IRA ROTH,false,CUs9TCDINtaYk1eRKhCh,false,2026-05-12,1,38105.67,OK
IyJUTBHdVkqRkkVhJc61,ARM,290,2028-01-21,IRA ROTH,true,zYFzNS8m3KsHXyEBDvEl,true,2026-06-05,1,18275.67,OK
J4BRjkktu9xMqaFk3QTs,MU,500,2028-01-21,IRA ROTH,false,wf0McivXPruC6xioxhiS,false,2026-05-07,1,30825.02,OK
J740Z8b6RjZcR8RwyeIf,CIEN,490,2028-01-21,IRA ROTH,true,7PBJPdnIeOPXqmxc00oX,true,2026-06-04,1,22200.67,OK
J9KZDcRy4vshxhhfXgov,SNOW,120,2028-01-21,IRA ROTH,false,AYPJPwQchXqgcEvo0rB2,false,2026-05-11,1,6500.67,OK
JGmYM9k5M6yqbjPVmecQ,NVDA,150,2027-01-15,IRA,false,3gAgfWczlKbODQK43Mqw,false,2026-02-26,4,18653.283333333333,OK
JGmYM9k5M6yqbjPVmecQ,NVDA,150,2027-01-15,IRA,false,7qHHljn4NoTCOBsVXHVs,false,2026-02-13,1,5285.02,OK
JGmYM9k5M6yqbjPVmecQ,NVDA,150,2027-01-15,IRA,false,izzQ2bAUNgmVaOZErE7d,false,2026-03-13,7,32643.245833333327,OK
JZLYZdygyDGTAB0iYdeW,ANET,105,2028-01-21,IRA,false,Cg1EIVc7BJxVfRM6oKM3,false,2026-05-11,1,5575.67,OK
JyL82oYWIBHurEsHrwND,BE,230,2028-01-21,IRA,true,bYfR9IsrDGgxy0h0byvn,true,2026-06-05,1,14325.67,OK
K2N8TAWumipeTfr9KRTU,QCOM,175,2028-01-21,IRA,true,po2hpeiXadZFGX0rMaIT,true,2026-06-01,1,9885.67,OK
K589TrUsiIfqo5xsAJck,COHR,300,2028-01-21,IRA,true,hjIrcFpLntLzq1MVi5a1,true,2026-05-15,1,19250.67,OK
KHpOEkapgtUuLV76BuRL,LMND,45,2028-01-21,IRA,false,TkBxFUkCwxVM2ZGZ6jO8,false,2026-05-07,2,5090.05,OK
KZdKtvUjRHV2mjQxjfoG,BE,250,2028-01-21,IRA,true,WCAsGVY9687eBhQ7Awpx,true,2026-05-11,1,15953.67,OK
KZyDhRUQWXY6x785Fn7L,NOW,70,2028-01-21,IRA ROTH,false,zuFOjyBcNHMAaLH0nEdi,false,2026-05-08,1,3832.67,OK
KfmbE5wglvA9vjoap1sT,QCOM,130,2028-01-21,IRA ROTH,false,tHoncIy97j32nsUhGSeR,false,2026-05-01,1,6278.02,OK
Kl4Rv7e26ngnmCQcqZMA,TTD,15,2028-01-21,IRA,true,g2OJeBzATPubS97FpOqO,true,2026-05-08,1,1098.67,OK
Kxqa5Vw1WWYc3pOmIKMr,WDC,350,2028-01-21,IRA,false,X9gfURzMcDuSnYlulsQA,false,2026-05-07,1,22380.02,OK
L44VXaWg88PDOUe9U04o,PWR,580,2028-01-21,IRA,false,2sxtCydYy3FKVaMyN7Gd,false,2026-05-07,1,29000.02,OK
L9eApt0wpVv3fjOQqxPM,IREN,50,2028-01-21,IRA ROTH,true,dbOBRwJKm4jSorMqkdXL,true,2026-06-05,1,2905.67,OK
LA6MMhpw2XF6LPuhiHll,RDDT,115,2028-01-21,IRA,false,HihbLK9hcR5LZfYKD7NB,false,2026-04-29,1,6802.67,OK
LEXBWMp1nqOULUZnZaED,CIEN,470,2028-01-21,IRA ROTH,true,X9IwI8OUapPfZrH9H14Z,true,2026-05-28,1,28070.67,OK
LK6kiazsZJ9jY35sCDOM,FSLY,15,2027-01-15,IRA,true,,,,,,POSITION_NO_LOTS
LOvYI4kF6HkZGUPPiWJz,SNOW,190,2028-01-21,IRA,true,XqLvUiBaliALQyJDMik2,true,2026-06-03,1,10798.67,OK
LP6wnYoRBpOocB0kmG2F,HUBS,150,2028-01-21,IRA,true,xesCXVDrYd5KdILxgXtI,true,2026-06-11,1,8892.67,OK
LZmflqgI8qltkTImP5nt,DELL,350,2028-01-21,IRA,true,PA4xq8OgkwxPAxgcJxBU,true,2026-06-02,1,20373.67,OK
LaUwmBFFzzWoNTUEuEdY,FSLY,20,2028-01-21,IRA ROTH,true,VsIJUnRrDJIKtHWlu9cM,true,2026-05-07,1,1100.02,OK
LbWvbnBR10t6xyAjXTM5,DELL,340,2028-01-21,IRA,true,XPWkzcUef23GTj9O36rx,true,2026-06-02,1,20850.67,OK
Lcir4RjIbzrKLG50k5Q7,STX,280,2027-01-15,IRA,false,myFGTpzVQb26qsOkAfJZ,false,3/30/2026,1,13126.67,OK
LydRwq3tA816BBCg7sjx,BE,190,2028-01-21,IRA,false,tjrc4YP1etX4TJxu56es,false,2026-04-28,1,12316.67,OK
MHP1TcIyJf63H8xLOXzu,TTD,15,2028-01-21,IRA,true,XyqDprUu2sqcsdmNI3HO,true,2026-06-02,1,1085.67,OK
MISVks6d50Ednusjqsqm,PLTR,100,2027-01-15,IRA,false,5yBmOzdoOqocqn8mDrqN,false,2026-04-08,1,5545.67,OK
MISVks6d50Ednusjqsqm,PLTR,100,2027-01-15,IRA,false,9gQYMTFGiO8MSfLgpSd8,false,2026-04-08,3,16637.010000000002,OK
MISVks6d50Ednusjqsqm,PLTR,100,2027-01-15,IRA,false,boIRPymyR5M5MfepIgzj,false,2026-04-09,2,8850,OK
MM6k4kUKgRb0BcOKj77w,EWY,125,2028-01-21,IRA,false,82zJiJ91dcglwKk0asW9,false,2026-05-15,1,7430.67,OK
MWl2PyaypZVzlsF7w0gF,NOW,98,2028-01-21,IRA,true,4jHEZIKSYQyAuNYkB29w,true,2026-06-02,1,5519.67,OK
Mf0J9KAlsiRNfWdormzT,CVE,22,2028-01-21,IRA,false,pX4iUDlYQbtdmc6ORnle,false,2026-05-08,1,976.67,OK
MnIcNhd3JhbMPfm8lIWu,QCOM,170,2028-01-21,IRA ROTH,true,ZxAVBLLfqMKIGtPSsQ0i,true,2026-05-27,1,9777.67,OK
MojczqgPlWvboe8SUdG7,CVE,22,2028-01-21,IRA,false,7snLdsoHnmcnm4KZrVq6,false,2026-05-04,1,1019,OK
MuYdgnXtFq5BMvzGGdHH,FSLY,22.5,2028-01-21,IRA ROTH,true,ZHbMkD3eArpKMmy9FgTG,true,2026-05-06,1,1890,OK
MxFU8IP4LBsQBxufd9jf,FSLY,15,2028-01-21,IRA,true,27Pqr3NS5s27PR5Jc0W4,true,2026-05-07,5,5220.12,OK
NDoowits52EjRbBzMpjS,OKTA,60,2028-01-21,IRA,false,ELlzv47JkdTwOSbAupxD,false,2026-05-04,1,3130.02,OK
NSSDVNb0zeHAFYeer76g,WDAY,80,2028-01-21,IRA ROTH,false,kgRMxPFjhQoc0DjL5KT2,false,2026-05-21,1,6009.67,OK
NUYbBO6lNFK0f1DRYKmq,TTD,17.5,2028-01-21,IRA,true,Bhn9FRcn8tmyLPq6YR4a,true,2026-06-02,1,980.67,OK
NUYhbm5YBserlhtfbYiF,AVGO,240,2027-01-15,IRA,false,oAanSbLaabZDs5uUCrx5,false,3/19/2026,1,9941.02,OK
NUYhbm5YBserlhtfbYiF,AVGO,240,2027-01-15,IRA,false,sOHt4GVveqhzDq7OQ3in,true,2026-03-19,1,8200.67,STATUS_MISMATCH
NVtTlRRNZP1AUQpoh4VW,GLW,135,2028-01-21,IRA ROTH,true,f4puhBVBAjiFvz8WJFRo,true,2026-06-05,1,8754.67,OK
NY8CvVZdNH4uN7ONCGtm,PLTR,100,2027-01-15,IRA,false,3oJsp97Otw222JhfP678,true,2026-04-08,1,5700,STATUS_MISMATCH
NY8CvVZdNH4uN7ONCGtm,PLTR,100,2027-01-15,IRA,false,RNsgLho1M0iNi411NzPf,true,2026-04-08,1,5700.67,STATUS_MISMATCH
NY8CvVZdNH4uN7ONCGtm,PLTR,100,2027-01-15,IRA,false,ftHPV4wKS7bl2h7F8m0S,false,2/11/2026,1,4990.02,OK
NY8CvVZdNH4uN7ONCGtm,PLTR,100,2027-01-15,IRA,false,oUA1zKGHm7MLRClFZIpe,false,2/23/2026,1,4585.02,OK
NY8CvVZdNH4uN7ONCGtm,PLTR,100,2027-01-15,IRA,false,q4hrOP1mzmvSZTtvdIpw,true,2026-03-30,1,5075.67,STATUS_MISMATCH
NY8CvVZdNH4uN7ONCGtm,PLTR,100,2027-01-15,IRA,false,sHHNH3UAS0YB1Jb9rr0O,false,2/12/2026,1,4550.02,OK
NaeWq1WcAhFIODEbXYNL,AMD,290,2028-01-21,IRA,false,WrYDEr8wfKUweWBMLJKi,false,2026-04-28,1,12170.67,OK
NzNumW63jYNIG7yYFUbw,AMD,330,2028-01-21,IRA,false,eTW2KgIIvZ9NEjdVn0o5,false,2026-05-12,1,19733.67,OK
O43QrUezmUn7zEaaKXFq,PLTR,100,2027-01-15,IRA,false,klRPaNHiZmTEgKAovzJc,false,2026-04-10,1,4240.67,OK
O5qBibRqEoPJ2xqnRUgv,TSM,220,2027-01-15,IRA,false,4oMXn2mg6lYUtyHNSj7S,false,2026-04-16,1,15767.67,OK
O5qBibRqEoPJ2xqnRUgv,TSM,220,2027-01-15,IRA,false,5cWIAY0DFj8IsA1py0ZF,false,2026-03-03,1,11350.67,OK
O5qBibRqEoPJ2xqnRUgv,TSM,220,2027-01-15,IRA,false,Tyq5U1DzwozGjthYCkF9,false,2026-04-17,1,15645.67,OK
OLzH361g6PJ1nuqgccr6,STX,380,2027-01-15,IRA,false,J0ECsUGss9z6kGBBYriw,false,2026-04-15,1,19042.67,OK
OUOWe2UZ1dtZpWQ9Zo7k,TSM,220,2027-01-15,IRA ROTH,false,TOlh2lwNg9Lh00PtPh8r,false,2026-04-16,1,15387.67,OK
OcO0PqobYncAD5kH60L5,WDC,270,2027-01-15,IRA,false,FMGs9yHaumMYoaYQSeCb,false,2026-04-15,1,14016.67,OK
OcO0PqobYncAD5kH60L5,WDC,270,2027-01-15,IRA,false,zGpOH6qC5QCEGxD2Yfli,false,2026-04-22,1,15900.67,OK
OfI2nEHc6ee31oD0lMCm,FIG,17.5,2028-01-21,IRA,true,hWaMbhvt4mGHUddRd3mv,true,2026-05-07,5,5245.12,OK
OpW6JwMeQeiOZJNPSVqz,EWY,115,2028-01-21,IRA ROTH,false,lkHcAEtz41PT9W5msmwV,false,2026-06-05,1,8870.67,OK
OuI1Y3wY4uv5s8a2MIzt,NFLX,80,2027-01-15,IRA ROTH,false,aN6dAjEWqsxGO31qCBql,false,2026-05-01,2,3900.05,OK
P0QtTxCfn6D1cm61pGWG,SNOW,110,2028-01-21,IRA ROTH,false,l0x9NNaghxzL1Nvr2xHn,false,2026-05-08,1,6605.67,OK
PFpezgJRZwejZlIQKn6U,QCOM,160,2028-01-21,IRA,true,TQBViYLsEFZbVteUBmP7,true,2026-05-27,1,10110.67,OK
PWkRZvJHZej9ttC3mEI1,APLD,40,2028-01-21,IRA,true,kKoLaCdamEpfUCXnO7xO,true,2026-05-22,2,4913.34,OK
PWnTBD5UBdw9i6tOBQg7,AMD,320,2028-01-21,IRA,false,uyULepWLcpN6qBmZNghT,false,2026-05-07,1,17473.02,OK
PdBBDLwHEN0xoJToaKOF,CVE,22,2028-01-21,IRA,false,c7IfhheRD5LfiqsmRJAs,false,2026-04-29,5,4878.36,OK
PoMyUnJF0b5wuxWNJR0K,DDOG,185,2028-01-21,IRA,true,5OJWt1pMsP1c3bE8VBcp,true,2026-06-03,1,11375.67,OK
PrUU8BJsxnhnAB2Ac26B,NOW,65,2028-01-21,IRA,false,tsL3JW3k20H3LkJbst7I,false,2026-04-23,1,3620.67,OK
PwnAwDCe71X2BR15v6zc,LRCX,210,2028-01-21,IRA,false,zv0yJYun6p8wzCCLcMta,false,2026-05-15,1,12695.67,OK
Q4l11lHyBIWZ1K6tdC6P,HUBS,175,2028-01-21,IRA ROTH,true,vKUJrDAabkvUvt7EfbU6,true,2026-06-02,1,11426.67,OK
Q9SRe9jPclo7jDNE4zr9,MDB,290,2028-01-21,IRA,true,6GZN96eHHJziIoy6mu6w,true,2026-06-05,1,17050.67,OK
Q9znb89FgUAFkZCcUI6y,DELL,185,2028-01-21,IRA ROTH,false,FdRWn8ql2xtegDw38G3L,false,2026-05-11,1,10475.67,OK
QGTPvvI9pv84b1NmyS9m,FIG,25,2027-01-15,IRA,false,jXb1eQrXeedTmtamcuZ2,false,2026-04-18,10,4156.73,OK
QQXaVQpsHHsHQISBAz7A,BE,230,2028-01-21,IRA,true,4K8EDx6JTdXDlNmKN44Z,true,2026-05-15,1,15950.67,OK
QUJJKKABGJSveTulXYrU,GLW,160,2026-06-18,IRA ROTH,false,exU6jnLlCIOhpe19bFRa,false,2026-05-28,1,2768.67,OK
QXBARyAbArNVkSbYyN9Z,SMCI,25,2028-01-21,DI IRA,true,8BHGCljIE0oyWRipnbYp,true,2026-06-10,1,1521.67,OK
QYc9xhL5SG2WSvuRGS9I,IREN,47,2028-01-21,DI IRA,true,aw2SH45Uz4KweeSjRVRa,true,2026-06-05,1,2916.67,OK
QbKPDPDvPGRQSbZ03pPQ,INTC,90,2028-01-21,IRA,true,B5IFVxxyygKmEUCCVKi9,true,2026-05-14,1,5564.67,OK
QbtOp0ZYXGDPaDSH79YY,ARM,170,2028-01-21,IRA ROTH,false,UPpMgFgs1qIYHq2RdnZd,false,2026-04-28,1,8360.67,OK
QjZowbKJR6OPkLvoou9o,QCOM,175,2028-01-21,IRA,false,pnXHs6QsPEQW3UQByN8Y,false,2026-05-11,1,9200.67,OK
QpBhHVUPt4LCux4fFcVW,NFLX,75,2028-01-21,IRA ROTH,true,rnkGVGomVYIrakzmltwd,true,2026-05-01,1,3050.02,OK
QpXi5g9hoE9mjCMY6vBZ,NET,150,2027-01-15,DI IND,false,YJ6yn1kSWKIkvBqzwXZT,false,2026-03-16,1,7883.67,OK
QrzOOxC20umOODsiKAXE,CRWV,85,2028-01-21,IRA ROTH,false,oiSFJWAIIPCmvWnNZM7U,false,2026-04-27,1,5255.67,OK
QvOJDviBe1F6ksLMmpLO,HPE,42,2028-01-21,IRA,true,BGFm3F0BeoOUXozYkdVg,true,2026-06-02,1,2370.67,OK
R07aPoWkSY5bUUKABUxk,WDC,330,2028-01-21,IRA,false,T9sET1meD4ciIOF7yO3f,false,2026-05-01,1,21023.02,OK
R1aeDubc04kdODPlkCo7,MU,320,2027-01-15,IRA ROTH,false,NHnoGhXsMTfF2VJFx8T8,false,2026-04-20,1,17172.67,OK
R4Gudoiilk4Hud4p5UxR,FSLY,12.5,2028-01-21,IRA ROTH,false,Ebunc4DEO0UIQSGDpQgu,false,2026-04-27,3,4712.02,OK
R4Gudoiilk4Hud4p5UxR,FSLY,12.5,2028-01-21,IRA ROTH,false,Z7jDKPf8RLXQ8w4fA5ii,false,2026-04-24,3,4832.02,OK
R4Gudoiilk4Hud4p5UxR,FSLY,12.5,2028-01-21,IRA ROTH,false,nGsMTc1zcvIWJUWbbpff,false,2026-04-24,3,4802.02,OK
R4Gudoiilk4Hud4p5UxR,FSLY,12.5,2028-01-21,IRA ROTH,false,xTDmwUVssdx4nJmlokWA,false,2026-04-23,3,5057.02,OK
R9cC1DOBYAz9IsW2d85O,CVS,60,2028-01-21,IRA ROTH,false,ckWRfqF5kCljPpoFwyED,false,2026-05-01,1,2719.02,OK
RDOPlzDTIhV00TOV5QUm,NVDA,160,2028-01-21,IRA,true,bJjfSomTeszh7JfSseUn,true,2026-04-30,1,7235.02,OK
REkC4cscw1QbYJVvxVLF,WDC,380,2028-01-21,IRA,false,Bs9X6JwFOOWBwvyznJNz,false,2026-05-12,1,23350.67,OK
RaxrPlvSPVlzH7t4a9Km,AMAT,300,2027-01-15,IRA,false,2z27NdnkB6ziJJwn1xHe,false,2026-04-16,1,12777.67,OK
RaxrPlvSPVlzH7t4a9Km,AMAT,300,2027-01-15,IRA,false,N4CpKYTU7IzoGaBzTQGF,false,2026-04-22,1,12970.67,OK
RaxrPlvSPVlzH7t4a9Km,AMAT,300,2027-01-15,IRA,false,knMXkwCHJbmV93hXTREN,false,2026-04-15,1,12264.67,OK
Rl8y3iZTpA1TDt075Ef1,VRT,140,2027-01-15,Margin,false,hckMg25igu9uvUmLkpwv,false,2/5/2026,1,6000.02,OK
Ruru6FfXmjS1v8YpIGvv,CRWV,80,2028-01-21,IRA ROTH,true,ff20WVhgeZRI8xP7ANBq,true,2026-05-12,1,5157.67,OK
RxFQUZy6AJvghJfPTlgL,PLTR,100,2028-01-21,IRA,true,dSNYAU23wHNLG8iRXzgc,true,2026-06-12,1,5273.67,OK
S6aXJwpXLaV21QFGJ1Np,P,70,2028-01-21,IRA,true,4k3eDW0Z6e1bAeJJmNfx,true,2026-05-28,1,2747.67,OK
S70LMDtL0zY2d7KUArXU,TSM,320,2028-01-21,IRA,false,8rqQ8Jwf9LMnsvsBdACw,false,2026-04-27,1,14815.67,OK
SPfqV341Ha5sDIWSfIyW,DELL,140,2027-01-15,IRA,false,fTuLyEUR03nqHsy9go4c,false,2026-04-22,1,8665.67,OK
STXn4Dzd0Kydjie2PwJV,CBRS,170,2028-01-21,IRA ROTH,true,V603J9GUFcYKTFiHxtOh,true,2026-06-11,1,12396.67,OK
SZmuvfig6xlL3v4AiyDM,FIG,20,2028-01-21,IRA,true,DShdQtupTx02Z2K1JxqB,true,2026-06-02,1,1245.67,OK
SptUWalBRhQxwoDNh2eG,COHR,310,2028-01-21,IRA,true,pEBbgJVQgXT3VG23oXtS,true,2026-06-09,1,19324.67,OK
TBOeFBM01zYAq8Df1qOC,BE,220,2028-01-21,IRA,true,A7yY8qpCPoRGvopEGmW9,true,2026-05-07,1,14150.02,OK
THeQ0VhC0Z7ShSoBGl2H,QCOM,145,2028-01-21,IRA,false,Qrxv1ICx4c71Wa9m48Ao,false,2026-05-19,1,7535.67,OK
TOuRBnffQyepYwiNl4wS,LRCX,220,2028-01-21,IRA,false,Ia75LjBy7m0BybOS4oA1,false,2026-05-15,1,12433.67,OK
TScLmRfQJvwYzMkKqJIW,SAP,125,2028-01-21,IRA,true,Ng7Ic7zKMp9DWULyaZfK,true,2026-06-11,1,5660.67,OK
TUzsellEVDL9xOHw0mWZ,SMCI,28,2028-01-21,IRA,true,Y81SSBfzly8gttPuz2Lf,true,2026-06-10,1,1665.67,OK
TXfcY34vUqLcRXh7BBIC,CRWD,260,2027-01-15,IRA,false,8RiHydo9R6a37vztdCud,false,2/23/2026,1,12201.02,OK
Th6f5SZKeIUoHKYHbG4u,FSLY,20,2028-01-21,IRA ROTH,true,kC0AD72vfxtTbKHbfPqY,true,2026-05-07,2,2140.05,OK
TlDDjB8Lws2biYVBUi07,NVDA,175,2028-01-21,IRA,true,PXcFQpMv8zouiPZJBtVO,true,2026-05-15,1,8675.67,OK
TqLrczcTXfQuKhpvjsHb,PLTR,100,2028-01-21,IRA,true,GTjpjKeYnRGUyJEhIP2q,true,2026-04-23,1,6573.67,OK
UFro8bfcJj6Fb79ONR94,LULU,95,2028-01-21,IRA,false,5iSPIeT7wGU536AdVMMs,false,2026-05-12,1,5103.67,OK
UHvNdBqmB8iMucUU0kLN,NOW,65,2028-01-21,IRA,false,ice1GP5IQuahUuN0udi7,false,2026-05-01,2,8370.04,OK
UKVXicXg9XTFH8NHVzv6,ORCL,135,2028-01-21,IRA ROTH,true,DU7T48rqiiedMzxRsBTo,true,2026-06-11,1,7626.67,OK
UQ4f9IjqavykQznrmJkn,MRVL,240,2028-01-21,IRA ROTH,true,wZpYjjwCB9ilyuPblfWu,true,2026-06-05,1,14425.67,OK
UhGRphvCIOFHalVdQemB,SHOP,85,2027-01-15,IRA,false,bMTLdHNzjGadGOURjj2O,false,2/11/2026,1,4380.02,OK
UnDMfMWBXSJchfEGrnHM,QCOM,145,2028-01-21,IRA,false,58UFPuBrs7RWjbwylul6,false,2026-05-14,1,8075.67,OK
UnjZIcwoHVXeMfSr0iXA,MOD,240,2026-06-18,IRA,false,k91oP8yAX7gF3LWR1Ysa,false,2026-05-27,1,4438.67,OK
UwpyhMxIAQGrKqEl5hr2,MDB,230,2028-01-21,IRA ROTH,false,O5qprASs0sZzHjhFsHo5,false,2026-05-27,1,13950.67,OK
UyONH7FT4ivWX9770Ga6,WDAY,90,2028-01-21,IRA ROTH,false,uj87s12leG5ZdUMSecFL,false,2026-05-13,1,4690.67,OK
V0VkfotBJm1fPXEUty5g,CRWV,90,2028-01-21,IRA,true,T6EmSUM8yPqbxFmNH9QE,true,2026-05-08,1,6325.67,OK
V0YYtpktZGnICVbOzrbz,NFLX,75,2028-01-21,IRA ROTH,true,0q7AYFvqbvQzTy27X3iL,true,2026-05-01,2,6106.05,OK
V1unx00LQ1HewiT7Oy7R,NOW,85,2028-01-21,IRA ROTH,false,92PWmpVeyZdtljBEJHwQ,false,2026-05-19,1,4175.67,OK
V40oFTGmye77y0npoC8V,BE,150,2027-01-15,IRA,false,gqWFoNUgNSTjaQJmKkDe,false,2026-04-18,1,9082.37,OK
V4dBUkPvvSIf9OCwoqhK,FSLY,12.5,2028-01-21,IRA ROTH,true,XeMdpymhmcC450MqHQTs,true,2026-05-14,1,1018.67,OK
V7gMnC0PkkBy55QwV63f,FIG,20,2028-01-21,IRA,true,3jvEHf013Gwut02HZUKB,true,2026-06-02,1,1272.67,OK
VAPGAYx7sQxrbjy0QmNe,SOXX,275,2026-01-15,DI IND,false,7phTyX4aOFMJlkpQ4qEi,false,2026-03-13,1,8581.67,OK
VKtHex5jqwA8wOUOIwrE,NOW,100,2028-01-21,IRA ROTH,true,MtXxNN2Q3jfuzXA2uODz,true,2026-06-02,1,5343.67,OK
VOGJdnxFwG8qGNy4m4LL,ARM,290,2028-01-21,IRA,true,U9D1dg4LAyS0RCKYhESH,true,2026-06-04,1,20175.67,OK
VU4YaI904tyUI0gdqHtK,VRT,260,2028-01-21,IRA,true,MstKm3HDoR5g4PWuMs54,true,2026-05-18,1,15030.67,OK
VcUjGCfe5tR9fcpkgnxc,BE,220,2028-01-21,IRA,true,idS8DBMQkYuKfk3jHhfm,true,2026-06-08,1,14155.67,OK
VkhWJWQJA6NWWmtsHPtW,ARM,260,2028-01-21,IRA,false,hbJ7xpfBEQNocwn3eiNj,false,2026-05-27,1,14100.67,OK
VkvI68nEQZOLqVwIShQq,DELL,175,2028-01-21,IRA,false,yxCXdv0IModclaNWIm3t,false,2026-04-22,1,8260.67,OK
W2crvqzK3Be6424J3iay,IREN,42,2028-01-21,IRA,true,gjWj9s4KPSTUZHdWgzjU,true,2026-06-05,1,2997.67,OK
W3oUkXHq19iMmYlS0ZXW,AMD,380,2028-01-21,IRA,true,Um7Xs0nxIJ6b14pHNHug,true,2026-05-27,1,22328.67,OK
W8Zlhi2mtlPy3sYv3gAp,ARM,105,2027-01-15,IRA,false,6DsCRmoDIk5tF5F25evS,false,2026-04-02,1,5695.67,OK
WASJ1dwvulrjkoiRoARf,ANET,115,2028-01-21,IRA ROTH,true,zDTil0VowBmP7KrpOAYg,true,2026-05-08,1,5400.67,OK
WAW2l1BdYYdbkMTCPy0s,PANW,185,2028-01-21,IRA,false,yUiGD2i02o2ki1iQembW,false,2026-05-27,1,10140.67,OK
WBhmZqak9wGLKJ9wLR8T,RDDT,120,2028-01-21,DI IRA,true,pWLVaf5NhincJjgLwPEl,true,2026-06-12,1,7825.67,OK
WFONBbeuGwesHR3BnwU1,AMD,160,2027-01-15,DI IND,false,RKlVY23PKFw4v7Hv07mK,false,2026-04-26,1,5878.67,OK
WFgatifWtitKGIsuXUK2,AVGO,320,2028-01-21,IRA,true,Tv8unXuNQ8rIFZLTQSWN,true,2026-04-22,1,16308.67,OK
WQQcsKTxZVWUpMddSw8R,MRVL,120,2028-01-21,DI Ind.,false,oc8d1dGkeXaiYm4WO2lg,false,2026-04-27,1,7100.67,OK
WaiU0IbpIbCv1swm6emY,FIG,25,2027-01-15,IRA,false,POIHYjrHiJSMBDH5zrv8,false,2026-04-16,10,4746.73,OK
WawtTAPDhqlOYTPYmpPM,MU,700,2028-01-21,IRA,false,FNXwmhQCgSz8C72s069t,false,2026-05-27,1,46600.67,OK
WeR5EiI2L2OoYUS4pxJD,QCOM,180,2028-01-21,IRA,true,jf4fiPOpqaiBpwEqIWfn,true,2026-06-01,1,9993.67,OK
Wh89p5ctv0jvy7tZeXZS,TTD,15,2028-01-21,IRA,true,bjUSJQLpoHDdkv79KEEZ,true,2026-05-08,1,1100.67,OK
WjnRUFOkn1EGKTgd7EyY,LULU,110,2028-01-21,IRA,false,3yqUYx7aD2azHUTQK6lN,false,2026-05-07,1,4970.02,OK
WkdHw06h6RIeKNWecSBL,SHOP,100,2028-01-21,IRA ROTH,true,O9ez9CeOTHqKiuvtGoRv,true,2026-04-23,1,5234.67,OK
WkdHw06h6RIeKNWecSBL,SHOP,100,2028-01-21,IRA ROTH,true,hiX9sNGOtUoAi6XnvhxR,true,2026-04-24,1,5212.67,OK
WmxVLKMDcaIj8lbnHcL2,META,500,2027-01-15,DI IND,false,gqt6m1PcT790S2FfwsfT,false,2026-04-26,1,20540.67,OK
Wr8NcIZGfH8fmR7KdT6p,SMCI,25,2028-01-21,IRA,true,sajzqQLyNaYW40FN6e6w,true,2026-06-10,1,1526.67,OK
WslQJrgzF6KAQTh7nMuZ,WDAY,110,2028-01-21,IRA,true,obV5z1P1pU4CDAeiqIcQ,true,2026-06-02,1,6415.67,OK
WsmY3PCbO675qI9OAuqZ,MSFT,290,2027-01-15,IRA,false,kPD9vO1KWdgKn9C1RZ9L,false,2026-02-23,1,11248.02,OK
WsmY3PCbO675qI9OAuqZ,MSFT,290,2027-01-15,IRA,false,lQ1dKnt4C3QRhEpk0Qqb,false,2026-03-28,1,9040.67,OK
XAgD2Prcdn19SelgHZF4,CIEN,400,2028-01-21,IRA,true,Zd7q8vooEd4lW8fxTiUB,true,2026-06-04,1,25000.67,OK
XHyCaLUFZHbhrqTMivju,NET,120,2027-01-15,IRA,false,CmSMjhxKq8wjDlFc6nsn,false,2026-02-23,1,6010.02,OK
XZm2mf3wELIZdoovXBKG,FIG,15,2028-01-21,IRA,false,ChSNw4hz6Qldl27ttLVx,false,2026-05-05,1,1025.025,OK
XZm2mf3wELIZdoovXBKG,FIG,15,2028-01-21,IRA,false,PfcEG7Jq0EXq2rooIXRn,false,2026-05-05,1,1025.025,OK
XZm2mf3wELIZdoovXBKG,FIG,15,2028-01-21,IRA,false,XzaHCJa81l9oSR1gY1wO,false,2026-05-05,1,1025.025,OK
XZm2mf3wELIZdoovXBKG,FIG,15,2028-01-21,IRA,false,rCH2wKmyhrkWONYmThK9,false,2026-05-05,1,1025.025,OK
XbQ5ajOuVTHnUA36ETXx,TER,250,2028-01-21,IRA,false,eigAc7WnwJzntH5u59hL,false,2026-05-15,1,16550.67,OK
XgT0jVo3WMO9rFgNSB2C,DPZ,260,2028-01-21,DI Ind.,false,bapcoDQZvfrk3SSWKFzY,false,2026-05-01,1,10307.67,OK
XmPrG9sru8d3vWotqMhV,MU,500,2028-01-21,IRA,false,LPbCXXdEXHy0UtIGXbf9,false,2026-05-07,1,31026.02,OK
XwTBVs1fsWhCDJpGDtmw,ADBE,200,2028-01-21,IRA ROTH,true,u1AniIXlLd1vLbApOY4z,true,2026-06-03,1,9595.67,OK
Y5flFSD8tg0LEmaH7ifh,MOD,210,2028-01-21,IRA,true,TrFhCPM8VmZJaYk8K2Cw,true,2026-05-28,1,13600.67,OK
YIOXB8TZBVOP5geRrjB5,STX,320,2027-01-15,IRA,false,AB4A3jcUXHVsCnxNPliU,false,2/10/2026,1,14400.02,OK
YIOXB8TZBVOP5geRrjB5,STX,320,2027-01-15,IRA,false,Hcf2oP2MXljwy9gON6Ye,false,3/12/2026,1,12280.02,OK
YIOXB8TZBVOP5geRrjB5,STX,320,2027-01-15,IRA,false,nqS2Zq7v3fdI8pntp6CF,false,2/10/2026,1,14700.02,OK
Ymxv3XPOlb6exZhNGXyo,LMND,45,2028-01-21,IRA,false,Sk17zLKad95MdklkSasq,false,2026-05-01,2,5860.04,OK
YvOzu9yfYaswxM4jHzYf,META,480,2028-01-21,IRA,true,ktOuGdRGltpUdSOoNiNl,true,2026-04-30,1,20034.02,OK
Z26k97pVrH0ucrnYKLpM,ARM,160,2028-01-21,IRA ROTH,false,4HfuTOKDnznN18m7mYFP,false,2026-05-07,1,9770.02,OK
ZMBq9Z1l9dFvXm6Cly8P,BE,90,2027-01-15,IRA,false,4YgsWvncwjSwGUEa5yzv,false,2026-03-30,1,5450.67,OK
ZPz9nr5Pz0AUt7jWlOvX,VEEV,145,2028-01-21,IRA,true,LKMtKfUlrv2Mq9wSXKIe,true,2026-06-01,1,7850.67,OK
ZZHMHiGuT3xISutrpxnT,AVGO,240,2027-01-15,IRA,false,ZYjM0nNXOKQnniKat7bn,false,2026-03-30,1,8200.67,OK
Zck98DTPxS7siI0hHMt1,PWR,500,2027-03-19,IRA,false,POE6vIBqH1nIWIZLNlQT,false,2026-04-29,1,18500.67,OK
ZhGtvpmjEE45c79yekPw,LULU,110,2028-01-21,IRA,false,vZYwJzjYHalZiF9H1kLy,false,2026-04-29,1,5200.67,OK
ZhQY7s5ePlQq00fI1NPU,PLTR,110,2028-01-21,IRA ROTH,true,hXuTO19DqCEofkbE08NE,true,2026-05-05,1,5685.02,OK
ZhQY7s5ePlQq00fI1NPU,PLTR,110,2028-01-21,IRA ROTH,true,s4kkTg221A4r27vKPzxu,true,2026-05-05,1,5685.02,OK
ZjMZ2xntvZbv45GKER6p,QCOM,180,2028-01-21,IRA ROTH,true,7zvqlIiWa7rbCLYoPaVf,true,2026-05-27,1,9297.67,OK
Zl2BmIeAuOkbbVqWbi7Z,FIG,20,2028-01-21,IRA,true,uOEvo49ukZNPKrlelQcv,true,2026-06-02,1,1260.67,OK
ZoDLulaY2dVUhGliUFSk,NVDA,150,2027-01-15,DI IND,false,IJg8ZxwKPaf7isnjm7BV,false,2026-03-13,1,5018.67,OK
Zw9Bz8UU9B7CpXX0JZsq,VRT,240,2028-01-21,IRA,true,hcwsS0EoRCzqoFnav7oa,true,2026-05-19,1,14325.67,OK
Zy8ahWw1rygXwXDTWNDg,FSLY,20,2028-01-21,IRA,true,PbH4O2GqXqFWBFCaOrqU,true,2026-05-07,2,2170.05,OK
a2taRhvj067T1NFh66PD,NVDA,150,2027-01-15,Margin,false,7yxfwEcl0iQVRDVRfooO,false,2026-02-13,1,5215.02,OK
a2taRhvj067T1NFh66PD,NVDA,150,2027-01-15,Margin,false,fVXjWJODwVI6EDyuuv5N,false,2026-02-13,2,10430.039999999999,OK
aJQDXWjMIkiSrcEyLmwz,FSLY,20,2028-01-21,IRA,true,jMp2wpKrELGFiJCjWGob,true,2026-05-07,1,1131.02,OK
aQezeRa9KnrsTPFoNez9,MDB,250,2028-01-21,IRA,false,K1nwzrTG2RqFgvnIOuLz,false,2026-05-26,1,14150.67,OK
aRWvb2Z0KWrmSv4MV6FD,LRCX,200,2028-01-21,IRA ROTH,false,7ZT852eKrc8BJrLn9lPe,false,2026-04-28,1,10005.67,OK
aV44Nhc5SCT0QyWBEFjd,ARM,160,2028-01-21,IRA,false,vlvyr51P53puJMG2ZQ1I,false,2026-05-07,1,9830.02,OK
aeFRVebDqPjaLfc0GapG,ARM,300,2028-01-21,IRA,true,p2Gh4B4ZCBQImE209o0p,true,2026-06-05,1,18125.67,OK
aoIZqQWkggUV0LC4DHrV,INTU,250,2028-01-21,IRA ROTH,true,RBMEk4ah506BMEDPcBx7,true,2026-06-02,1,12575.67,OK
aqHe69xDGEFaWDxWcaR3,FSLY,12.5,2028-01-21,IRA ROTH,true,tCvHrendhWzQxZsIfCDA,true,2026-05-19,5,4578.36,OK
avG6E6sE9xUxgT7trdlj,EWY,125,2028-01-21,IRA,false,kbssPhMkl72EiCcYjknk,false,2026-05-12,1,7105.67,OK
azlqEchnzca1MnDDNFlx,AMD,290,2028-01-21,IRA ROTH,false,GxYgAZ65RwCHNAyqywq8,false,2026-05-04,1,14365.02,OK
b6SII1xr2i1uafN4yG2Q,VST,120,2028-01-21,IRA,true,qiVqq5jlj2ukmAQPFNpA,true,2026-05-01,1,6595.02,OK
bAe3GMZA20265A4h8l6O,FSLY,15,2028-01-21,IRA ROTH,true,0gp65fSHsGiJCltbd7Np,true,2026-05-07,2,2140.05,OK
bBrYMmd0YSJ8GtwDqZWm,WDAY,90,2028-01-21,IRA ROTH,false,wxUejoMG8e8CYt4g8Sji,true,2026-04-23,0,0,STATUS_MISMATCH
bDvTiwvCkWLCEvWKUMVh,NFLX,80,2027-01-15,IRA ROTH,false,HiWfhP68dADGy19yJnbM,false,2026-04-18,1,2343.675,OK
bDvTiwvCkWLCEvWKUMVh,NFLX,80,2027-01-15,IRA ROTH,false,WH5PzPYMLXCFqIKBOory,false,2026-04-20,2,4453.35,OK
bDvTiwvCkWLCEvWKUMVh,NFLX,80,2027-01-15,IRA ROTH,false,XVVMpYw3cz6v651ItLsh,false,2026-04-18,1,2343.675,OK
bJ6n9QbnmaKZaikJfuxy,MDB,220,2028-01-21,IRA ROTH,false,eNVStPasd1zshoGczbfA,false,2026-05-11,1,14095.67,OK
bLcJFnoVaJwd0GP6yn5F,GLW,145,2028-01-21,IRA,true,nIZYxoxwPRsgaC9G0Ll8,true,2026-05-12,1,8850.67,OK
bQA4teC7OYmSg2QeabTb,MU,500,2028-01-21,IRA ROTH,false,CiY0YYAgonRYBQRuaOo3,false,2026-05-07,1,30750.02,OK
bcXAgQY24Cee6fQnlAck,QCOM,170,2028-01-21,IRA ROTH,true,0HJ0xI2GeZClkHI40BbT,true,2026-06-01,1,10425.67,OK
blRApQRKRzcLZa9ab9F5,ORCL,140,2028-01-21,IRA ROTH,true,NpipPm1zzbCeCUAxp6fX,true,2026-06-11,1,7428.67,OK
bqFn2LqIPr1d12wee0v5,CVS,60,2028-01-21,IRA ROTH,false,WzzWwE7GyQ8ldwQ9oNjL,false,2026-04-24,3,7292.02,OK
bs2TNnWUXrMsL1ARCMyG,VRT,230,2028-01-21,IRA ROTH,false,3cxk6LWk9duxRci9XnTg,false,2026-04-22,1,13390.67,OK
bs2TNnWUXrMsL1ARCMyG,VRT,230,2028-01-21,IRA ROTH,false,bUF4FnqNyztFn5yjDFR4,false,2026-04-27,1,14125.67,OK
btvTP2aD9NKKtahPiUKl,MRVL,267.5,2026-06-18,DI IRA,false,5YlOupQtDrjmrDKBtjPL,false,2026-06-05,1,4510.67,OK
c1kE4SWIsTxbzp30W8Ax,FIG,17.5,2028-01-21,IRA,true,OqOZvj7ILNk6xvn5NbfH,true,2026-05-08,5,5363.37,OK
c7483qWVDu34UJXM2ea6,CVS,60,2028-01-21,IRA ROTH,false,6kmexOfyDOe32jej7CPX,false,2026-05-01,1,2763.02,OK
cGpjypDv6jsrA5oRFjEX,ARM,170,2028-01-21,IRA ROTH,false,53v3cQ5DYzNMlrzr088u,false,2026-05-04,1,8750.02,OK
cHFeVA7CgDIpurOkIwO0,DELL,175,2028-01-21,IRA ROTH,false,dKLhmK9bIq6VvjAXQNrd,false,2026-05-12,1,10050.67,OK
cc4jRvpolKuqhocg7H7C,RDDT,115,2028-01-21,IRA,false,3Prrn34Qdveyy3EnicOF,false,2026-04-28,1,7193.67,OK
cjG94qShxQIJsQCKdv4Z,FSLY,15,2028-01-21,IRA ROTH,true,HOmh97SXSAHQv5VXKiID,true,2026-05-07,2,2154.05,OK
cjQadi0UfzsPUoTXeTt0,CRWV,85,2028-01-21,IRA,true,vEJXX0BtFvuHVa9WhXIU,true,2026-05-15,1,5455.67,OK
cn2bmQaH7tDQgegZ5Eju,NOW,70,2028-01-21,IRA ROTH,false,REKO2c1YqhzYhiUQcnkf,false,2026-04-23,1,3370.67,OK
cn2bmQaH7tDQgegZ5Eju,NOW,70,2028-01-21,IRA ROTH,false,mfigAPxNNikBLSiBtV9A,false,2026-04-23,1,3400.67,OK
cxnUqbau2oJp2tppyDCn,QCOM,170,2028-01-21,DI Ind.,true,umxFKMuxBCf2gdXBT9eK,true,2026-05-27,1,9643.67,OK
d3B4oK5nycpxabukL5Me,SMCI,25,2027-01-15,IRA,false,wYn3JfEkLl55Vp3kCs2y,false,2/18/2026,1,1070.02,OK
d3B4oK5nycpxabukL5Me,SMCI,25,2027-01-15,IRA,false,ybBG9WQVArG4JBVXWjPq,false,2/13/2026,1,1120.02,OK
d3n5vuMc8l8k0ZuOt27a,MU,260,2027-01-15,IRA,false,hsgkQ6v8uwVYytE9wQq2,false,2026-03-30,1,11800.67,OK
d5lIIl2RFuBnL7PL1Dhw,FSLY,15,2028-01-21,IRA,true,s4PLSvSmNE3X1vl3EsAk,true,2026-05-19,5,4238.36,OK
dDn2VN2pcRu6bL3tSTsR,AMAT,300,2028-01-21,DI Ind.,false,eYN3cPLVPfBdmWRJpiwF,false,2026-04-28,1,15400.67,OK
dFiupVTyJRGxv3noKAa9,FIG,15,2027-01-15,IRA,false,1hzwFxInJub31gyOAX4q,false,2026-04-16,5,3978.36,OK
dFiupVTyJRGxv3noKAa9,FIG,15,2027-01-15,IRA,false,lvP7uO4QYwwn7YTUVyu9,false,2026-04-18,5,3828.36,OK
dTNSw700AJsUiA8ejHu3,CBRS,160,2028-01-21,IRA,true,3NaMBfVPoIUDQX0dvq5L,true,2026-06-12,1,11460.67,OK
dTR8TGbRneWBxfcZLkTS,NVDA,175,2028-01-21,IRA,true,lHAhqCuqZpHlihlr02TN,true,2026-05-21,1,7875.67,OK
daH19Ltr8NHYNzdOoPNj,SHOP,100,2028-01-21,IRA ROTH,true,G708aLHBXC8Sqc68UmHc,true,2026-04-29,1,4936.67,OK
dmhDGghTbnnhS4kpxYhP,DDOG,150,2028-01-21,IRA ROTH,false,2gXsapNxwFDv1E5xcwWB,false,2026-05-08,1,8300.67,OK
dwZwMK5LKPmTzTaT4uMY,CRWV,90,2028-01-21,IRA,true,MqmPoeUYpS4lGIuL7IXv,true,2026-05-08,1,5660.67,OK
dxGHfgm1xsNss1Nzukx7,DDOG,75,2027-01-15,IRA,false,Po73SIZ4BOyLTKYBqprI,false,2/23/2026,1,3820.02,OK
eHVnHYvPuilmK4w0jWVS,NET,200,2028-01-21,IRA ROTH,true,6TucNWDAuWE87pmRhpZx,true,2026-05-08,1,8750.67,OK
eHwuuqj6ls9Ig7LS45Cf,VRT,260,2028-01-21,IRA,true,1DjHxMk6L3OmO7wwdBHl,true,2026-05-28,1,13669.67,OK
eNjpwYcyLxlDI0Fz8SjO,QCOM,130,2028-01-21,IRA ROTH,false,2dRLNcLgqLmm13HByqN6,false,2026-05-04,1,5554.02,OK
ejld39PhusXcsnDnKKse,ARM,160,2028-01-21,IRA,false,lgATQsJ5sUGSxFjUeza4,false,2026-05-07,1,9751.02,OK
eopGCpU9TNbUKEwKmKlx,CRM,125,2028-01-21,IRA,true,8fINPp8b68F3o5e2gQWb,true,2026-06-11,1,6329.67,OK
eoxjWje9FxdzFVCHfyyI,FSLY,20,2028-01-21,IRA,true,HZBTDBNk3MUCQdFNipOr,true,2026-05-07,1,1090.02,OK
epNkLEsA9op17EpeGNDj,MSFT,370,2028-01-21,IRA,true,F7V4ijwnYt0U1h4nCZCk,true,2026-04-30,1,9750.02,OK
erlJ0wQkdYVlRw7QNCKM,NET,135,2027-01-15,IRA ROTH,false,8a8egiTenAnoFY4BbzyZ,false,2026-04-18,1,7800.67,OK
et8OvWZopatc3hp77wi6,SAP,150,2028-01-21,IRA,true,WitChM6j7Y1RxFRIZIna,true,2026-06-03,1,5790.67,OK
ezYKjjihBgaTPCDrrMa9,QCOM,165,2028-01-21,IRA,false,MszW0qsAMjgxgfMGFNIO,false,2026-05-12,1,8108.67,OK
fILKT0duAS7gwc5Dh8eb,HUBS,180,2028-01-21,IRA,true,91NVJCXAHh4LWHx115dm,true,2026-06-01,1,11806.67,OK
fL5aJM5pbxEOJ6bRq3Ix,INTC,85,2028-01-21,IRA,false,ZXIlOuzYNvutyCOK2kE5,false,2026-05-15,1,5070.67,OK
fQbmNxBb3CnMtPnazPPb,MSFT,290,2027-01-15,Margin,false,0FuyPi6T5rlgvFEYxU1i,false,2026-02-23,1,11238.02,OK
fQwv6FfA5gdjYKOtcBf6,FSLY,20,2028-01-21,IRA ROTH,true,gsoBilapGf4GhkkJ8Lqo,true,2026-05-07,1,1075.02,OK
fTxurhUDpxyTvbJjbbMz,ASML,1320,2026-05-15,IRA,false,8qsTJapy0ddWe9itbWb9,false,2026-05-04,1,10945.02,OK
fYQDBI2mA24oQTli7Hpv,FSLY,15,2028-01-21,IRA,true,jCa9S2wZ0xKk6dHVh9MK,true,2026-05-07,2,2144.05,OK
faWSNBy7VcL536wUNqTf,SMCI,25,2028-01-21,IRA ROTH,true,CbEyECDtqg5qteUqq2PO,true,2026-06-10,1,1500.67,OK
fii8bu5QuGfxTRxfmVTL,MDB,280,2026-05-15,IRA,false,Pg79m6pvdLRK6XnK4W9H,false,2026-05-08,2,4401.34,OK
frU1b3B7ORlasYMkbh50,HUBS,180,2028-01-21,IRA ROTH,true,YqwaeVUzLF2TLDDwbmZV,true,2026-06-02,1,11180.67,OK
ftUosRqrQCWWUpCrm4RK,CRM,150,2027-01-15,IRA,false,5hjBd0VTXKOofMxGmVNd,false,2/11/2026,1,5189.02,OK
ftUosRqrQCWWUpCrm4RK,CRM,150,2027-01-15,IRA,false,GwXSE4sKm4z45ldoN8Gq,false,2/6/2026,1,5450.02,OK
ftUosRqrQCWWUpCrm4RK,CRM,150,2027-01-15,IRA,false,gFndFJokhaMuaNLz0PzV,false,2/20/2026,1,5230.02,OK
fuPYutgbxlD44vTGHEtH,MU,700,2028-01-21,IRA ROTH,false,yYtOg3qmNTScrVdwUlXJ,false,2026-05-28,1,47000.67,OK
fuwvUSgtxEFoGimgIf6Y,BE,220,2028-01-21,IRA,true,6O5F56rpm4rNMStcVMis,true,2026-05-07,1,14475.02,OK
fxJwd9VeoM2aIRdT3Ka8,BE,210,2028-01-21,IRA,true,bizgSHPfe59PKRufrDGc,true,2026-06-10,1,13005.67,OK
g7RRf3fUNHWuJ0rf5MN4,BE,260,2028-01-21,IRA ROTH,true,ndyQyyNWAA01w9B1UycY,true,2026-05-29,1,14602.67,OK
gHF5jB0zpqmpN0QkOHP7,MOD,220,2028-01-21,IRA,true,16xyabbuIC8rdi2odTB0,true,2026-05-27,1,13550.67,OK
gJYuCiODmyjdD08WFJVZ,OKTA,100,2028-01-21,IRA,true,7NEaEzHA3SLaC20PShBm,true,2026-06-03,2,10181.35,OK
gKzoh973t0Ziaj03isTU,DELL,120,2027-01-15,IRA,false,1PGnOMDSkQlhdSqAr0Tq,false,2026-03-31,1,5298.67,OK
gKzoh973t0Ziaj03isTU,DELL,120,2027-01-15,IRA,false,YH5E1x30VTgPk14XZfZc,false,2026-04-15,1,6875.67,OK
gLcFSoPxhGgYDZXx7psB,FIG,17.5,2028-01-21,IRA,true,Ph1aCGo0ASEpOuGDqsz2,true,2026-05-07,5,5225.11,OK
gLhmJbQ7VPANlCvGT5JE,MRVL,230,2028-01-21,IRA,true,VZv83wiunjTJKNZJq8QH,true,2026-06-05,1,14870.67,OK
gRFpq8oCl9EeE78ZJtm8,AMD,310,2028-01-21,IRA ROTH,false,2gz6xijZit5MNDhDS3Mk,false,2026-05-07,1,18823.02,OK
gRFpq8oCl9EeE78ZJtm8,AMD,310,2028-01-21,IRA ROTH,false,wPll6G1BwnYLiOHjdDPQ,false,2026-05-07,1,18823.02,OK
gUqkH0xaoMO3Zse15pmM,CAH,160,2028-01-21,IRA,false,nDEplmcEB9028mAq1AO2,false,2026-04-30,1,5170.02,OK
gZxiNQbevc1I4ANm7mpC,MRVL,50,2028-01-21,IRA,true,uizuI98YhLyo4taEADFv,true,2026-06-09,1,22675.67,OK
gdRvjQkOetCEBe1UcWVw,MRVL,125,2028-01-21,IRA,false,WNqhhzkDMv6VdAdNcsMN,false,2026-05-12,1,7195.67,OK
glHpDzJoTXA6BVpHyUHi,FSLY,15,2028-01-21,DI Ind.,true,RWPLfnzdILQ3LYEUrtnD,true,2026-05-07,4,4274.69,OK
glrWXfMWJFVEgu2vTXJy,QCOM,160,2028-01-21,IRA,true,XcFjHBsyiYQJABafSBfX,true,2026-05-12,1,8026.67,OK
gqWFtfZVoUQa7Hz8f3M0,VEEV,135,2028-01-21,IRA,true,zCUAVCprLgfB1rteLoJP,true,2026-06-02,1,7450.67,OK
gxuFJP2x2qKVwXEYr5nw,MU,280,2027-01-15,IRA,false,Ym7QFoPNERm5o1NXRAHp,false,2026-02-04,1,14700.02,OK
gxuFJP2x2qKVwXEYr5nw,MU,280,2027-01-15,IRA,false,gRcAwCBegmbxB7CtO8vi,false,2026-02-10,1,14700.02,OK
hAYTkCwFcquJHu7XQQ3T,DDOG,190,2028-01-21,IRA,true,YgxWIaYnT8562b4GGxoF,true,2026-06-03,1,10950.67,OK
i1PDBBgO5MJ8yRI790LS,WDAY,80,2028-01-21,IRA,false,ZL43tVuhCMVO1brZRwis,false,2026-05-21,1,6020.67,OK
i9XkVueWvHgppnCITebE,CRWV,50,2027-01-15,IRA,false,mpQtrarr3PoKLgadpAjv,false,2026-03-30,1,2910.67,OK
iKiiMhB8vG2F6RoQlzP9,P,65,2028-01-21,IRA,true,D1pSvHS5tpvSc0GksY6D,true,2026-05-12,1,3510.67,OK
iQ6Su8C9KUTS5m8HvTtk,MU,560,2028-01-21,IRA ROTH,false,AVLcNELjWBvPPxTC9go7,false,2026-05-12,1,36197.67,OK
iRe2qiNShjnnRRF7VxCy,MU,280,2027-01-15,Margin,false,EgTgRO2LbDQCrRG2e7U7,false,2026-02-23,1,14710.02,OK
iUNcldcvUHfyE19GQFaw,DELL,190,2028-01-21,IRA ROTH,false,y8Dnhx7eJePjOTOj9HGg,false,2026-05-08,1,10020.67,OK
iYA3QcjNJdA08Ict8YNE,INTC,85,2028-12-15,IRA ROTH,false,qFju5mgs5syF9jh45DNn,false,2026-05-15,1,5975.67,OK
icZkJ1EGVteiGuZRX0r7,VRT,230,2028-01-21,DI Ind.,false,diV1V4OmM3VLfadGegYs,false,2026-04-28,1,13175.67,OK
iojxRxAJl8txDWQ2UNpo,CIEN,400,2028-01-21,IRA,true,iqqvAMOBIWK4GC37u5aR,true,2026-06-05,1,25300.67,OK
iu3yl5PeeRVwotPDbE4z,TTD,15,2028-01-21,IRA,true,ziuL6JqboIg3lye36N9Z,true,2026-05-11,5,5553.36,OK
iztxPmCN4ZSCENs5G9Fc,DPZ,260,2028-01-21,IRA,false,a4kNvHF9h9BRQyuase7H,false,2026-04-27,1,9800.67,OK
j3g4So6UcwBUbwvDA3Mq,FSLY,15,2028-01-21,IRA ROTH,true,b3D4XGH6xC1v4qDdGKeu,true,2026-05-07,5,5250.11,OK
jUzQVVgXYmpQw8CiFKqy,COHR,340,2028-01-21,IRA,true,nPtWMJc3kxAyCK1VdSPU,true,2026-06-02,1,22220.67,OK
jYJrUTaCqbDr7q4n3Yeo,RDDT,125,2028-01-21,IRA ROTH,true,mXfmcx8VcqFGubLI27rE,true,2026-06-12,1,7725.67,OK
jotAvbx9qO2WPnhBGDFx,CIEN,410,2028-01-21,IRA,true,Vzd1bBkzyj6Jj34NRC8l,true,2026-05-07,1,26250.02,OK
k1cAtxZH0VnrpGxekNyV,VRT,230,2028-01-21,IRA ROTH,false,3Uwu9t6wIbRIsy7jjxom,false,2026-04-28,1,13400.67,OK
kFFfMX6XHOsOT3rn6ucY,FSLY,20,2028-01-21,IRA,true,lpkttWPB6KTQvfmB7rio,true,2026-05-07,2,2070.05,OK
kKFbdFKN8ykO0ut6k808,DELL,340,2028-01-21,IRA ROTH,true,CmClQbmV5aS4Wpy21L3T,true,2026-06-01,1,21268.67,OK
kSDO3gbugZv9zbIkz2Z6,MRVL,210,2028-01-21,IRA ROTH,true,olRXDk6UaJu6gGiHCo8e,true,2026-06-09,1,13301.67,OK
kb2nEs9yYqLCsUF6N4GA,OKTA,95,2028-01-21,IRA,true,FqAD1HVoFP5s4YlUHjS8,true,2026-06-03,2,10801.35,OK
km3fUWOu3oyMylawNVbQ,MDB,280,2026-05-15,IRA,false,M22tCbH3XD7LIRd8mFxe,false,2026-05-08,1,2200.67,OK
km3fUWOu3oyMylawNVbQ,MDB,280,2026-05-15,IRA,false,N0RNg4OsbfE0OmX0ZrDh,false,2026-05-08,1,2200.67,OK
km3fUWOu3oyMylawNVbQ,MDB,280,2026-05-15,IRA,false,zl6t02BBdxTatHTuGe0x,false,2026-05-08,1,2200.67,OK
koul6e07zmjxStnMJGjA,TSM,320,2028-01-21,IRA,false,oyGSXjJZsP7iY0VBSmix,false,2026-04-28,1,13769.67,OK
kvv9dLSnUQuWbXMSOuCh,CBRS,170,2028-01-21,IRA ROTH,true,lOeKcHrGK6vLumTfH2ne,true,2026-06-09,1,11540.67,OK
kz9wvKt8WOxxq92pHzDM,ARM,300,2028-01-21,IRA,true,XBQqj8nkc8pg1tWITLta,true,2026-06-03,1,20580.67,OK
l9VXRgbyq4zw6nVlcAh9,INTC,85,2028-01-21,IRA,false,2LQGz9628D4dd5jcYpxb,false,2026-06-01,1,5384.67,OK
lA9xNVpZIWsGKPcrACN3,GLW,150,2028-01-21,IRA,true,eA5uu4hlBbzgleIQf2xi,true,2026-05-28,1,8062.67,OK
lKX79EcKTvAV2K6txHZv,INTC,87.5,2028-01-21,IRA,true,kKjwAqQhUzMGMCT9wee6,true,2026-05-12,1,5708.67,OK
lMbRXYiEKNgLsLTIOj0y,AVGO,330,2028-01-21,IRA,true,K2jfdVvfQxwtQNkvvTxw,true,2026-05-15,1,16215.67,OK
lPBZ0BW5llArMoBJOuga,TTD,17.5,2028-01-21,IRA ROTH,true,6Y9oGT259KdFZ5YrfldA,true,2026-05-08,5,5228.36,OK
lSUS9HItTwxuKj4vqnkl,CAH,160,2028-01-21,IRA,false,OpK3VFh2Od4NGiwGSsrx,false,2026-04-24,1,6120.67,OK
lSUS9HItTwxuKj4vqnkl,CAH,160,2028-01-21,IRA,false,nguNmNUV2StlEIlyTAsq,false,2026-04-24,1,6410.67,OK
lW5NzDgIbepfp1Q844gP,ORCL,110,2027-01-15,Margin,false,8hdWHYbVLp9C5MvKWZBy,false,2026-02-04,1,5274.02,OK
lcFB4wecpb27AFjOSTBR,EWY,125,2028-01-21,IRA,false,CPHwbry9wh6Ou8trR8uD,false,2026-06-05,1,8800.67,OK
lkoErlGtV96XzP6ujfIC,LMND,45,2028-01-21,IRA,false,ZA9828Z2o2L3Z45IeArI,false,2026-04-29,1,2779.67,OK
llETs85MfLD9zKkttDRM,GLW,135,2028-01-21,IRA,true,zu2aQe0DJckmf2ClY8L8,true,2026-05-18,1,7990.67,OK
llshTsXk8SGVAzuvoOCs,ARM,160,2028-01-21,IRA,false,tBMeIvlbizziGQU14w0p,false,2026-05-07,1,9770.02,OK
lxDM3G95v954Q9StWBOV,LULU,110,2028-01-21,IRA,false,IVSke5mH4LQ03B4HwzHp,false,2026-04-29,1,5219.67,OK
m570aW23jVBHQMSXF8Z0,STX,380,2027-01-15,IRA ROTH,false,30dykY87kHKJJvJkn0zc,false,2026-04-20,1,21355.67,OK
m5MbdQa9rpVW5c5cBYs2,SAP,130,2028-01-21,IRA,true,SVqWl708HyblKUZ2efDj,true,2026-06-11,1,5323.67,OK
m9RZGBiDPlDzJEqtt9nD,ALAB,290,2028-01-21,IRA ROTH,true,iHW0rZUFiUffGTc0qUJG,true,2026-06-03,1,19050.67,OK
mFoCiYFvQTDF2SkUwR1j,LMND,40,2028-01-21,IRA,true,DB2lDu52tfnVJq8DdZjI,true,2026-05-19,1,2650.67,OK
mZBG4SQ8Kq2Y6qCUqQrq,KTOS,45,2028-01-21,IRA ROTH,true,CZwWSq4tI262hInXm8Hx,true,2026-06-03,1,2900.67,OK
mnkXnuwR24VvIVj3RCXr,TEAM,90,2026-06-18,IRA,true,VszQZqYxEgUckEeVRujG,true,2026-06-03,1,1430.67,OK
mpAJvd6f7s9QcVitPo6i,QCOM,175,2028-01-21,IRA ROTH,true,mnBKrGeIGHiCNzNNGurJ,true,2026-06-01,1,10263.67,OK
mqF2qUokFz9us7wOZMYj,ARM,105,2027-01-15,IRA,false,L8ripbN40mwMkaPsatoy,false,2026-04-23,2,12063.34,OK
myDLse4sMIUrqBOgHiQ9,ARM,170,2028-01-21,IRA,false,lVIwnBkwURUyTTdvzVV7,false,2026-05-04,1,8800.02,OK
nBkHv6qoBW8C7HSYfJE9,PANW,200,2028-01-21,DI Ind.,false,H4NzJ0DsB8XzDT1fcvjs,false,2026-05-27,1,9138.67,OK
nEH20Pcv1ZHXZjSIAxr7,QCOM,160,2028-01-21,IRA,true,C2HXKOtVXQbw6EKgCTSL,true,2026-05-12,1,7655.67,OK
nFjd88bR7Up6O2AFLLNQ,AVGO,240,2027-01-15,Margin,false,ARY47SPJaAhDrRtjylHq,false,2026-02-04,1,9206.02,OK
nIlxlSN1QNW4bUPyroZI,QCOM,150,2028-01-21,IRA,false,w66x0OSQ0PSDIOI98g7J,false,2026-05-12,1,7865.67,OK
nPNAkY4o3PF8mzOZ5qWX,CRWD,350,2027-01-15,IRA,false,cC3yIeUZBnTTsJpsSI2K,false,3/25/2026,1,9230.02,OK
nPNAkY4o3PF8mzOZ5qWX,CRWD,350,2027-01-15,IRA,false,mQWLP5X8bbvDayVGuAtj,false,3/24/2026,1,9800.02,OK
nUfpFi6vdJzLvj1xypuw,LMND,50,2028-01-21,IRA,true,DsAgd7mVlNUAe9Nacodg,true,2026-05-22,1,2607.67,OK
nZQ2Kg8YEcZYlSb9j6iV,LMND,45,2028-01-21,IRA,false,lu22LXvvA8KEwNktQTR5,false,2026-05-04,2,5450.05,OK
na9wcH7bcAnuNvvQKQQ4,ORCL,135,2028-01-21,DI IRA,true,RpUtLqutk2UqNKj8th5P,true,2026-06-11,1,7690.67,OK
ncWcAxoyGpKNCJuWZGxv,ARM,240,2028-01-21,DI Ind.,false,fIC9FQmIjkP7MORc4Piy,false,2026-05-27,1,14800.67,OK
nemoGD88DAJPJwAc59N0,AMD,290,2028-01-21,IRA,false,h5iRpuJGyycewe2ReUIy,false,2026-04-27,1,12778.67,OK
nmGkteKt6m8PjlAsYz61,FIG,15,2028-01-21,IRA,false,0dFMjMFy7uassYCHRZ6C,false,2026-05-05,2,2026,OK
nmGkteKt6m8PjlAsYz61,FIG,15,2028-01-21,IRA,false,QSCi9okFaKIcHLhz3ka8,false,2026-05-05,3,3078.07,OK
nmP8zQfWpvDtGtnb6J5c,ANET,115,2028-01-21,IRA,false,6v2CwwTNvRdo9sdeVPnJ,false,2026-05-07,1,5675.02,OK
nmP8zQfWpvDtGtnb6J5c,ANET,115,2028-01-21,IRA,false,ZdUb9ykyjzurBJgrZX7s,false,2026-05-06,1,6095.02,OK
nmP8zQfWpvDtGtnb6J5c,ANET,115,2028-01-21,IRA,false,fJbremokPZJM3M5aA8uS,false,2026-05-06,1,6291.01,OK
nmP8zQfWpvDtGtnb6J5c,ANET,115,2028-01-21,IRA,false,g6YD91WbDisfDdbEBQ70,false,2026-05-06,1,5540.02,OK
nmP8zQfWpvDtGtnb6J5c,ANET,115,2028-01-21,IRA,false,iNBontVDgsU4gTkE0xtN,false,2026-05-06,1,5536.02,OK
nzl6J9ed7ovFggVvZydi,AMAT,260,2027-01-15,IRA,false,Hso900SHVCk94XBmImCy,false,2026-03-30,1,10100,OK
o1w2UHP553NqY6aqa2D9,NET,200,2028-01-21,IRA ROTH,true,7p2FU3Urh07d43ADvI0S,true,2026-06-04,1,12820.67,OK
oA6u57B7DpxMUMDHzPbT,DELL,140,2027-01-15,IRA,false,3Dv1zFLNHXdI153GIgoA,false,2026-04-15,1,5492.67,OK
oA6u57B7DpxMUMDHzPbT,DELL,140,2027-01-15,IRA,false,oXcvOyztSYuziYHswoPe,true,2026-04-22,1,8665.67,STATUS_MISMATCH
oA6u57B7DpxMUMDHzPbT,DELL,140,2027-01-15,IRA,false,z8AEkUtM0Beldknp0Fzw,true,2026-04-22,1,8665.67,STATUS_MISMATCH
oMhS6GKibP106WBRscXA,STX,600,2028-01-21,IRA ROTH,false,QKY2EV8RWNoTHadO2UVW,false,2026-05-12,1,37700.67,OK
obzT65Yv9tOX0xouu2C6,TSM,220,2027-01-15,IRA ROTH,false,XA6fTANrh2CzVHT8bXhk,false,2026-04-16,1,15947.67,OK
of3yhrZjf9LYCebrJKT4,ARM,250,2028-01-21,IRA,false,Q1EIzJzHYM0hrec24myJ,false,2026-06-09,1,17025.67,OK
oh4V8e8cJKqzRuUXt2GG,FSLY,22.5,2028-01-21,IRA,true,0dTa5sXLerQ3i5hv0l7b,true,2026-05-06,1,1760.02,OK
oh4V8e8cJKqzRuUXt2GG,FSLY,22.5,2028-01-21,IRA,true,0dyQ9UUxcb2D9P6eTw8j,true,2026-05-06,1,1830.02,OK
oh4V8e8cJKqzRuUXt2GG,FSLY,22.5,2028-01-21,IRA,true,2H7kk2zNNr4mkdenCaAE,true,2026-05-06,1,1931.02,OK
oh4V8e8cJKqzRuUXt2GG,FSLY,22.5,2028-01-21,IRA,true,DN1soqy4hIx730RF9YYd,true,2026-05-06,1,1800.02,OK
oj5lwLxJIhULIQMDuEju,NFLX,75,2028-01-21,IRA ROTH,true,p1EeFGZwHhaIyiIaXHMW,true,2026-05-01,2,6150.05,OK
okUAPiIzpnucgABhiZ6e,MGNI,14,2026-03-20,IRA,false,,,,,,POSITION_NO_LOTS
okcV3n9qxOfzByQOdvl6,AMD,340,2028-01-21,IRA,false,RZ59AuTmuw542SsB7LVs,false,2026-05-15,1,19051.67,OK
omsltWgbJeZZPWBpAbl4,RDDT,130,2028-01-21,IRA,true,i5i2XPb0yr1ukQwEkPqx,true,2026-06-12,1,7475.67,OK
oxrXD440HoxtA32IIy1r,IREN,55,2028-01-21,IRA ROTH,true,k9Ac1tMHm8IkQhX3lQl1,true,2026-06-05,1,2704.67,OK
p2b3XXlH3pHjn0N1uMTq,WDC,190,2027-01-15,IRA,false,zcEedDt6mWQ4yDLZsXRT,false,2026-03-30,1,10450.67,OK
p3tGZlrGzxC95wNzlG2k,LULU,110,2028-01-21,IRA,false,YR7IxZN61ua3Pl5XDeTC,false,2026-05-04,1,4860.02,OK
p9AUfYHuuSFcpBatxK03,NET,160,2028-01-21,IRA,false,bjoBxOOFOH0E58s59KMX,false,2026-05-08,1,9450.67,OK
pERT7W9X1mM0fLrwr16g,FSLY,17.5,2026-03-20,IRA,false,,,,,,POSITION_NO_LOTS
pGWtqG4FuC18USX9sm9e,GNRC,185,2028-01-21,IRA ROTH,true,edJS4xjfj7c49MgqldZi,true,2026-06-10,1,10150.67,OK
pIINBWcswfRoVt8IB4ai,MGNI,15,2026-03-20,IRA,false,,,,,,POSITION_NO_LOTS
pNCRxyIUXfigQgCQwt67,PLTR,105,2028-01-21,IRA,false,PNjc2N1npAbMWovyEFzw,false,2026-05-05,1,0,OK
pNCRxyIUXfigQgCQwt67,PLTR,105,2028-01-21,IRA,false,pdhWwe6muX4GAnimoQqH,false,2026-05-05,1,0,OK
pfjivGFgmQAKPdgr7tI3,FAKE,100,2028-01-21,IRA,false,,,,,,POSITION_NO_LOTS
phBInHw7yEgVZqD9QidK,OKTA,55,2027-01-15,IRA,false,D5k587ywyrZY2k4CZyQG,false,2026-04-14,1,1865.67,OK
phBInHw7yEgVZqD9QidK,OKTA,55,2027-01-15,IRA,false,ZlsrSTxYpz24teYVYjon,false,2026-04-22,1,2934.67,OK
pn84tGlFY5IrlpKSEYPC,ARM,170,2028-01-21,IRA,false,6mXVvn2mqZljxQ0catOh,false,2026-04-27,1,9422.67,OK
ptgc84FALTFq7Q41Co7W,ARM,320,2028-01-21,IRA,true,9Pui9luP63n7ELuR8OEz,true,2026-06-03,1,20050.67,OK
pvfonnRqDglRifkCd1HQ,BE,220,2028-01-21,IRA,true,Uq6lW4JCKPusql5laOwX,true,2026-05-08,1,14125.67,OK
qHIjba6SiLEyfNY9RXC7,HUBS,170,2028-01-21,IRA,true,mB9EkdArF428gY9BatF4,true,2026-06-03,1,10850.67,OK
qKiiFdfTwLwXXnABQIiW,AVGO,240,2028-01-21,DI IND,false,ZPlqcP3inmbo35nFw05b,false,2026-04-26,1,10366.67,OK
qOMUYsNyFnkA7o46dgSa,FSLY,15,2028-01-21,IRA ROTH,true,08EiXc6rNBgTBS3Iwxyl,true,2026-05-07,5,5275.11,OK
qXM0pLUuTIoHp3bv7vEc,LRCX,200,2028-01-21,IRA ROTH,false,TOLI9lBBOMdaAzPm6WeG,false,2026-04-27,1,11139.67,OK
qXM0pLUuTIoHp3bv7vEc,LRCX,200,2028-01-21,IRA ROTH,false,wzI6btqgKL42TVVjX4Q1,false,2026-04-23,1,10800.67,OK
qXxwTLwHyBoUpcLKk7Et,DDOG,200,2028-01-21,IRA ROTH,true,ghK7ISX2ghyrbLKUcMyK,true,2026-06-01,1,12581.67,OK
qa8RO1ADHgby6Cd7fhvn,ARM,150,2028-01-21,IRA ROTH,false,D0rZMknOLdcdQE4RiT3y,false,2026-04-28,1,9585.67,OK
qbkYUDyCAn2Rp5cCIc5X,CEG,230,2028-01-21,IRA,true,IZPMdlzCYFpZbo5DB7xH,true,2026-05-11,1,11179.67,OK
qc0FJc74OvKWDyX2yhGT,CRWV,75,2028-01-21,IRA,true,AWKsOAmsaESyiz53TV2P,true,2026-05-19,1,5071.67,OK
qeqtsAA51OvN5jrZc6Aa,OKTA,55,2028-01-21,IRA,false,ELEt9fsriVu9ywmIjSSd,false,2026-04-24,1,3250.67,OK
qeqtsAA51OvN5jrZc6Aa,OKTA,55,2028-01-21,IRA,false,fgnIW8rckW5RzPi3Suv3,false,2026-04-23,1,3385.67,OK
qlF2bnYiyfasaxdgVsdh,NOW,75,2028-01-21,IRA ROTH,true,6cFskKI4HJEjihnlzx9S,true,2026-06-12,1,4433.67,OK
qtDUJhywSsKJWaOgFOtq,NOW,70,2028-01-21,IRA,false,i41EOkmHeldkmByosGdm,false,2026-04-29,1,3651.67,OK
qvVxqdvwDj9De5a1h5A9,ANET,115,2028-01-21,IRA,false,nmYMSR2qNFZRMFRjDvFI,false,2026-05-07,1,5442.02,OK
qzDIOUrK5K5r8UgfBxCe,AVGO,310,2028-01-21,IRA,true,rNpgNqqafUkCFwhzYX8O,true,2026-06-04,1,16058.67,OK
r2awcVjwgLdNgidObCJK,CRWD,350,2027-01-15,DI IND,false,ZLf46PZG7nwOWM9R3hKV,false,2026-03-16,1,12431.67,OK
r7sXGbtxGO4FRB6dVTeH,SNOW,185,2028-01-21,IRA ROTH,true,2L1Q2HCMikmqOqjrZBzU,true,2026-06-03,1,11040.67,OK
rCOqEbGUfWuXaIznHguL,CRWV,90,2028-01-21,IRA,true,HJ307cYm8vdt85b088qy,true,2026-05-08,1,5494.67,OK
rLpKRKQEnsjf06Dol4ef,CEG,230,2028-01-21,IRA,true,U8xW6mNqXY9uE0tEXSBe,true,2026-04-29,1,11500.67,OK
rY3auxiXZfJIB4B3y57V,HIMS,25,2028-01-21,IRA ROTH,false,sM8bVHdD7lJ8Uw3ik3FL,false,2026-04-29,5,6523.36,OK
rYoNVPH3gXwXEoGN02VD,STX,500,2028-01-21,IRA,false,DynRqnrhsXoONHmcJad4,false,2026-04-29,1,30200.67,OK
rjHgjyYllnOlsiBl0s0j,HUBS,180,2028-01-21,IRA,true,6W31RZKKcoxnK0Cl6Ezo,true,2026-06-02,1,11545.67,OK
roIh6NqRgi9AImUfiEqy,LULU,95,2028-01-21,IRA,false,MynyAyjcId8EOP6JodJX,false,2026-05-19,1,4632.67,OK
rozEY4MJXjzfYU4kJKfZ,ARM,240,2028-01-21,IRA ROTH,false,zsys61zLMKsNsZcxvIXC,false,2026-05-27,1,14675.67,OK
s4T4bzUPCWne4v79cpZT,PANW,150,2028-01-21,IRA ROTH,false,llPk3JqjnRabY7Uxc4vu,false,2026-05-08,1,7885.67,OK
s67VPYOPiYw4NxuwBYAW,EWY,120,2028-01-21,IRA ROTH,true,kn5sULTpyOUN4Zyeij5y,true,2026-06-05,1,9000.67,OK
sAHYLaMRcFA9J9Z8qOe0,LMND,45,2028-01-21,IRA ROTH,true,coojyrqlGU3J20ZjQGIr,true,2026-06-03,1,2532.67,OK
sH5oZWWgMCp1Sz0m8Jo3,VRT,190,2027-01-15,IRA,false,jY2AwsQ4MbCAvgM75Ge6,false,2026-03-30,1,7900.67,OK
sKmJzIA10d7IlSJ5840U,SMCI,35,2028-01-21,DI IRA,true,JOyfEf61XK2W0MLXqueH,true,2026-06-09,1,2035.67,OK
sM1QI57gyYNdcIQgnnGQ,APLD,37,2028-01-21,IRA,true,GSbrchAIi0ocEuH5segj,true,2026-06-05,1,2225.67,OK
sSuNts9W74Swg0QmMdyr,PLTR,100,2028-01-21,IRA,true,WpZuVshe7rasVK9ko7SE,true,2026-04-29,1,6025.67,OK
svPLVsbRkTqW7L4PpEOV,ARM,160,2028-01-21,IRA ROTH,false,lgA8RJrWs6G56Queyyad,false,2026-05-07,1,9805.02,OK
t0LpFXcuh9raFcVudo47,ARM,270,2028-01-21,IRA,true,NkZfLOsaetBtsXGb5phX,true,2026-06-05,1,17650.67,OK
t0ZONMqc9Igsh2ry5naf,ARM,160,2028-01-21,DI Ind.,false,5g9RcBNisqpsAXTAS9H7,false,2026-04-27,1,9723.67,OK
t1gEmkKkZNH2WMHr7490,CVE,22,2028-01-21,IRA,false,WeKbKEYE4OTkSeNBuW1i,false,2026-04-29,10,9706.73,OK
t9nw5PoigbpM1I7Q84Uj,RDDT,100,2028-01-21,IRA ROTH,false,OW7aILVfwG0dRO8bRQ8g,false,2026-05-22,1,7212.67,OK
tGiwLovFO0WxaSgjFYKt,MU,390,2028-01-21,IRA,false,xzUqtntStNKPUuSLJf3i,false,2026-04-22,1,22078.67,OK
tIJvtiOuxkt9kms3X6tu,LRCX,200,2027-01-15,IRA ROTH,false,3VzYHq4F03Zr8HRcauTe,false,2026-04-22,1,8743.67,OK
tIJvtiOuxkt9kms3X6tu,LRCX,200,2027-01-15,IRA ROTH,false,Mt5M0HDaZ6Oriz7nBtee,false,2026-04-21,1,8875.67,OK
tIJvtiOuxkt9kms3X6tu,LRCX,200,2027-01-15,IRA ROTH,false,pYtEqXtWWrlwaJJf9zpg,false,2026-04-21,1,8875.67,OK
tOJgrubJxw45BIYryEaY,ORCL,150,2028-01-21,IRA,false,HszkwxAgIorihv9r2Y23,false,2026-04-22,2,14907.35,OK
tOJgrubJxw45BIYryEaY,ORCL,150,2028-01-21,IRA,false,e8KYbf0e1jihimr2vMXo,false,2026-04-22,1,7453.67,OK
tOJgrubJxw45BIYryEaY,ORCL,150,2028-01-21,IRA,false,lR70tOHJLkpCffd4i2zU,false,2026-04-27,1,6208.67,OK
tOJgrubJxw45BIYryEaY,ORCL,150,2028-01-21,IRA,false,nDdaiPdynXcpXh47A5wx,false,2026-04-24,1,6186.67,OK
tOJgrubJxw45BIYryEaY,ORCL,150,2028-01-21,IRA,false,wewqSHTwFXTguEai5xKD,false,2026-04-23,1,6795.67,OK
tSOnWv9EqclAUU992UyS,AMAT,300,2028-01-21,IRA,false,PzMklum70aTnCSZqif7y,false,2026-04-27,1,16825.67,OK
tVH5eXRFgcNyh2bYmLoU,NET,160,2028-01-21,IRA,false,QTXX3bFHm7fm9RKfIDbH,false,2026-05-08,1,10415.67,OK
te1n0WUguvUZyksu7pxS,COHR,250,2028-01-21,IRA,false,WV7iR3NJjLYaL32vgGxw,false,2026-05-07,1,15970.02,OK
teUQwGl1T6bw7iGg2J46,QCOM,150,2028-01-21,DI IRA,true,2sjJtQeYnJ1rsKSDpRmg,true,2026-06-09,1,9075.67,OK
tfTBpcD4KrC4nT9cTKWd,ALAB,250,2028-01-21,IRA,false,xLtlpiNKjPMxO8KneLnh,false,2026-06-01,1,16927.67,OK
tp3WbvVrz1cojAgjDKYd,CRWD,350,2028-01-21,IRA,false,TjvldScSb7ZrZWLXFK5P,false,2026-04-23,1,17425.67,OK
tpxw7ixfD2ABSDx2hFkV,STX,550,2028-01-21,IRA,false,1CYQTaE3WuVuADGRx6Uq,false,2026-05-18,1,36120.67,OK
tvRpSUWBpEHaJDkNhDMa,ARM,160,2028-01-21,DI Ind.,false,oghG4LZuXQcJGUtPP48Z,false,2026-04-28,1,8725.67,OK
uHzHBEC8JeysSr0dVIgU,NVDA,150,2027-01-15,IRA,false,BWzLSbWmJlxKrSaL19I9,true,2026-02-26,12,55959.85,STATUS_MISMATCH
uHzHBEC8JeysSr0dVIgU,NVDA,150,2027-01-15,IRA,false,RrNHczaOQhzWJV6XBvXJ,false,2026-02-13,1,5260.02,OK
uHzHBEC8JeysSr0dVIgU,NVDA,150,2027-01-15,IRA,false,xAN6iD5oFFHcIB62h0Wz,true,2026-03-25,12,55.95985,STATUS_MISMATCH
uI9PrDaP4BVojcYuT1qT,AMD,310,2028-01-21,IRA ROTH,false,TJqgAFOElIdVOenqLDmr,false,2026-05-07,1,18777.02,OK
uJWK1JgsBjvPVfIePSzD,NET,135,2027-01-15,IRA,false,iN7L9C003WijKcFb6x5y,false,2026-04-10,1,5861.67,OK
uJWK1JgsBjvPVfIePSzD,NET,135,2027-01-15,IRA,false,poUWrTmG78P1ZxWrknSp,false,2026-04-09,1,7500.67,OK
uZSvuwIa26FqQ5UBNIVS,PLTR,100,2027-01-15,Margin,false,rQ0pOJDVJ6oiu0KlICbb,false,2026-02-04,3,14720.06,OK
ucxPjTTeGBSTmSHU6K1e,PLTR,110,2028-01-21,IRA ROTH,true,QQlXidp4vssgUaFolVcq,true,2026-04-29,1,5495.67,OK
ueBAE8O3mDVeBYUTR4AI,CRWD,580,2028-01-21,IRA,true,9ETyXFUgyEdSDTE3EN4d,true,2026-06-02,1,32100.67,OK
ufhJXBWmgCC3wRHfiC8h,ANET,115,2028-01-21,DI Ind.,false,xjV3BG3ie177izipzgFh,false,2026-05-08,1,5691.67,OK
uhnNWSNS85ISFpi07Ahg,WDC,330,2028-01-21,IRA,false,QnqfAE0h6Q5fqsG6O8Fu,false,2026-04-29,1,20640.67,OK
ujPlJbdl8EgOuEX6XmDl,EWY,125,2028-01-21,IRA ROTH,false,UNzVNvce1f067ZdJq7Du,false,2026-05-12,1,7175.67,OK
ulcRkA8zJTGSgOYhS0BR,P,55,2028-01-21,IRA,true,ciwnkgmnBV76oc1GExil,true,2026-05-15,1,3970.67,OK
v2ojWwnmENRV5fZvgcdw,DELL,175,2028-01-21,IRA,false,XlKeExI6DatEX7Oc7QjJ,false,2026-04-28,1,7486.67,OK
vG0x4XmlFH9qBpFighS1,FSLY,15,2028-01-21,IRA ROTH,true,ecOlXICsJgUQFqcZNxF4,true,2026-05-07,2,2158.05,OK
vGC3Q8ZRk13Pjfq8SFUa,PANW,105,2027-01-15,IRA,false,LJFZLL2sS42twpddLTKj,false,2026-03-30,1,5700.67,OK
vGC3Q8ZRk13Pjfq8SFUa,PANW,105,2027-01-15,IRA,false,fxjn5Vh7SQ5i3slHfy9e,false,2026-04-10,1,5730.67,OK
vMMwEGeUQUwXCpYGr22F,MU,810,2028-01-21,IRA ROTH,true,gKy3pQQkHVWM2yKJvRLw,true,2026-06-01,1,52800.67,OK
vSDZQpxr6bOeD1yMZSSF,DELL,175,2028-01-21,IRA,false,DuchDtZl1gjYD3oL2YIa,false,2026-05-12,1,9858.67,OK
vUzgjES7333bhM32giRv,NVDA,160,2028-01-21,DI Ind.,true,60az1ivej2mIdHCvIoc0,true,2026-05-01,1,7096.67,OK
vbxnHTRoqt9GkVZjnZlf,AVGO,320,2028-01-21,IRA,true,27Xh0tlUTg02Z5rQMw5v,true,2026-05-12,1,16220.67,OK
w85Y1F3AYnN8xsKLMuGr,FSLY,15,2028-01-21,IRA,true,DYgHYJ1284EkiaWyZM8Y,true,2026-05-07,3,3213.07,OK
wBg5iP607wjG2SQ4G7Wa,NOW,92,2028-01-21,IRA,true,ldKa6bxI1ruCCTvgOHyz,true,2026-06-03,2,10647.34,OK
wVDU91ya6SKRFYie5VMW,QCOM,160,2028-01-21,IRA ROTH,false,9ClzGVbyov3E4ojenIkM,false,2026-05-12,1,7542.67,OK
wVRv46tZUKZfkblNWPHw,SNOW,115,2028-01-21,IRA ROTH,false,eIMz4Z5kgQnEVURJbsvF,false,2026-04-29,1,6006.67,OK
wYNwvmYR4fT3ysPLRwbE,ORCL,135,2028-01-21,DI Ind.,true,8kdueEr1LQBe9iXm7G3t,true,2026-06-11,1,7581.67,OK
wp7lIjf5iUK3Csp1FCOw,TEAM,80,2028-01-21,IRA,true,fnBJSuc7OBPZm7jXTRSN,true,2026-06-01,1,6026.67,OK
wshB2OyAtOEDfPsRDyCI,FSLY,15,2028-01-21,IRA,true,T3GqBgtiT0soIh3G96nY,true,2026-05-14,1,925.67,OK
x0nBdPjYYxKb18vLXS6a,NOW,70,2028-01-21,DI IRA,true,zBIiybsXpdpOjo2eTOPS,true,2026-06-12,1,4745.67,OK
xFAwkO5d7M4GPuQzeZw6,DDOG,150,2028-01-21,IRA ROTH,false,ncZg5CXtCVZrHI8f0rg1,false,2026-05-12,1,8650.67,OK
xLe3tGV2dQhJI64aUCkI,PANW,195,2028-01-21,IRA ROTH,false,SDWsMwASqDFDtxQoghhT,false,2026-05-27,1,9520.67,OK
xO8vM3BX20k7fX53thGI,VEEV,140,2028-01-21,IRA,true,HgXM6XoUNgC18cjOfEFI,true,2026-06-01,1,7800.67,OK
xd3TvEh2JgBcWGhCVui7,CVE,22,2028-01-21,IRA,false,r1mn43S33f2KSNk5XOj0,false,2026-05-05,5,6200.11,OK
xd3TvEh2JgBcWGhCVui7,CVE,22,2028-01-21,IRA,false,rW8mf2dYd8XeEoP4Lr6j,false,2026-05-05,5,6200.11,OK
xiZ0jlYY978i48oMVDvD,DELL,175,2028-01-21,IRA,false,wTkFq7WUn6qjKwbEwTxv,false,2026-04-22,1,8260.67,OK
xuTdzjbGgy5YDNnMGv6x,CRWV,90,2028-01-21,IRA,true,8DLv0tSaT3x24V321zDe,true,2026-05-08,1,5668.67,OK
y1pQ1jvZaUfgceSbIdNw,CRWD,300,2027-01-15,IRA,false,rSWU8nxIXDhPz0vQF9Y1,false,2026-04-14,1,13272.67,OK
y8Z87DLbx8l0UDKfzGVG,MDB,240,2028-01-21,IRA,false,0B3utZ05X6BZ9EHXE07g,false,2026-05-29,1,14940.67,OK
yK75rJDQoqQfTe38UAb5,NET,135,2027-01-15,IRA,false,kpMu7rwRZmiKLum6740o,false,2026-04-09,1,6925,OK
ylstLPLqp6M64XMEJzgf,NBIS,200,2028-01-21,IRA,true,8P868fVcOr6vCVkcLgSo,true,2026-06-05,1,12450.67,OK
yluyw5XMggEqMnMnkO2K,FIG,15,2028-01-21,IRA,false,CrnMTlQlbn57ngRiKZgZ,false,2026-04-23,5,4273.36,OK
yluyw5XMggEqMnMnkO2K,FIG,15,2028-01-21,IRA,false,nxJNVrdW23Sk81rVSjj8,false,2026-04-23,5,4348.36,OK
ytq2ptkprCLWPpkV6GsB,UMC,15,2028-01-21,IRA,true,4O35dO7C5pfghG5UsGcM,true,2026-06-03,5,5028.36,OK
yy3scRb5ju3e50vQUB58,CEG,230,2027-01-15,IRA ROTH,false,7BAGBYHAJ02gdSxZO6Ip,false,2026-04-20,1,8538.67,OK
yy3scRb5ju3e50vQUB58,CEG,230,2027-01-15,IRA ROTH,false,NeGd04Lm6utCoETCbYi6,false,2026-04-21,1,7650.67,OK
yy3scRb5ju3e50vQUB58,CEG,230,2027-01-15,IRA ROTH,false,uEcJVy3RmFScvnO5VoEu,false,2026-04-21,1,7870.67,OK
z06gHQHwbXQPUGXjtkBZ,VEEV,150,2028-01-21,IRA ROTH,true,2EtIjj17MyEeIz8GT1NZ,true,2026-06-01,1,7500.67,OK
z1B0VhMbeunqy6g0cAff,FSLY,12.5,2028-01-21,IRA,false,wOXxxrPDFuXEfxb9qYCs,false,2026-05-21,1,916.67,OK
z4iy4BuLP2Lk9XaOjTZ7,INTC,90,2028-01-21,IRA ROTH,true,e9LJnSQtEyt75uWhe4gm,true,2026-05-12,1,5720.67,OK
zFkCLRQ9DYOiz0k7jR6D,AMD,160,2027-01-15,IRA,false,jVV0qZnznDz6kn6gI5Dc,false,2/18/2026,1,6170.02,OK
zFkCLRQ9DYOiz0k7jR6D,AMD,160,2027-01-15,IRA,false,knx6EpRtpmw4LGSvM6QF,false,3/13/2026,1,5927.02,OK
zFkCLRQ9DYOiz0k7jR6D,AMD,160,2027-01-15,IRA,false,lEnVRBxZdX8R2lJvXFhw,false,2/23/2026,1,6160.02,OK
zFkCLRQ9DYOiz0k7jR6D,AMD,160,2027-01-15,IRA,false,murxzOWbA53n4iifHknE,false,3/19/2026,1,6123.02,OK
zFkCLRQ9DYOiz0k7jR6D,AMD,160,2027-01-15,IRA,false,sHzB3VaeTnM7jFcUu7FU,false,3/12/2026,1,6360.02,OK
zIOuqi6LiM7fMuXz9C4F,COHR,320,2028-01-21,IRA,true,A0wnF6FF78DU74PHpM5U,true,2026-06-09,1,20174.67,OK
zNtOskYSaUrczvkvlNVD,MSFT,370,2028-01-21,IRA,true,CuvhHGuwDM4NISFiRiza,true,2026-04-22,1,11555.67,OK
zWoxcLii58QDRNRXZes1,VRT,230,2028-01-21,IRA,true,4CNqzBfygpzYzbvSP3jn,true,2026-04-28,1,13504.67,OK
zXANu25r40tYwH2Imiiv,NVDA,160,2028-01-21,IRA,true,i4EaDd1pFby7Ori2lRrU,true,2026-04-30,1,7300.02,OK
zbiDohueNk7sDp7FYSLg,SOXX,270,2027-01-15,IRA,false,Tr4gaa0YMuk2jY1wnzTG,false,2026-03-02,5,46060.1,OK
zd3ad0UPo3ush1dXQXmd,BE,260,2028-01-21,IRA,true,VB9BLtT82cpN3CNKCyOZ,true,2026-05-29,1,15271.67,OK
zfGSyx5YvQCa9IZWsXH7,P,60,2028-01-21,IRA ROTH,true,Rwmfy4emluJnJ5Vs0Aio,true,2026-05-28,1,3230.67,OK
zlTkpyTuwLa360u2GxhZ,CAH,160,2028-01-21,IRA,false,GS6aYK75UJTEJ5lvkHLJ,false,2026-05-08,1,5150.67,OK
20KBP2zHqDtmQKXx0pWW,,,,,,1u9IkyxSJ4zMmJR1OXR5,false,2/23/2026,1,6010.02,LOT_NO_POSITION
20KBP2zHqDtmQKXx0pWW,,,,,,6i8Cp4o2q9jsHRzEkYrs,true,2026-04-27,1,5870.03,LOT_NO_POSITION
iv3LgehYdHAjg3y4OHZH,,,,,,IfTD6GkvxtL109g2301A,false,2026-05-05,1,14055.02,LOT_NO_POSITION
oe0WiXD6H2Gtp7lqpfV0,,,,,,PbY8VDwgMWfr3ovlZMku,false,2026-06-03,1,17085.67,LOT_NO_POSITION
20KBP2zHqDtmQKXx0pWW,,,,,,WKlkINWyDNqzid5ZXx2L,true,2026-02-23,1,5870.02,LOT_NO_POSITION
iv3LgehYdHAjg3y4OHZH,,,,,,j7boYRMxdEpxO2JTAzyk,true,2026-05-05,0,0,LOT_NO_POSITION