CLOSED_ID,BUY_TXN_ID,SELL_TXN_ID,TICKER,INSTRUMENT_TYPE,OPTION_SYMBOL,STRIKE,EXPIRY,ACCOUNT_NAME,ACCOUNT_NUMBER,BUY_DATE,BUY_PRICE,BUY_QUANTITY,BUY_AMOUNT,SELL_DATE,SELL_PRICE,SELL_QUANTITY,SELL_AMOUNT,HOLD_DAYS,RETURN_PCT,RETURN_DOLLAR
U2C0vaj4kAZHXRm9GcM0,,,VRT,CALL,VRT270115C00230000,230,2027-01-15,IRA ROTH,,2026-04-22,107.51,1,10750.67,2026-04-30,123.68,1,12367.72,8,15.04,1617.05
uy8TTUgxAGu4oaJKsjIk,,,VRT,CALL,VRT270115C00230000,230,2027-01-15,IRA ROTH,,2026-04-22,107.31,1,10730.67,2026-04-30,117.00,1,11699.73,8,9.03,969.06
AOlh2UF62zYT3E8z3ZVA,,,NFLX,CALL,NFLX270115C00075000,75,2027-01-15,IRA ROTH,,2026-04-21,24.81,1,2480.68,2026-04-30,24.30,1,2429.92,9,-2.05,-50.76
TWxUJ0brZK4i6g3p5ICO,,,NFLX,CALL,NFLX270115C00075000,75,2027-01-15,IRA ROTH,,2026-04-21,24.81,1,2480.68,2026-04-30,24.60,1,2459.92,9,-0.84,-20.76
wV2PZUILomZwmSy5td2I,,,NFLX,CALL,NFLX270115C00075000,75,2027-01-15,IRA ROTH,,2026-04-21,23.51,2,4701.35,2026-05-01,22.95,2,4589.85,10,-2.37,-111.50
URGW3uT2EjzHxlqU8WAk,,,BE,CALL,BE270115C00150000,150,2027-01-15,IRA ROTH,,2026-04-17,93.76,1,9375.67,2026-04-28,111.31,1,11131.10,11,18.72,1755.43
C6gUBB5lExGOw6w20F4K,,,PLTR,CALL,PLTR270115C00100000,100,2027-01-15,IRA,,2026-03-30,50.76,1,5075.67,2026-04-28,52.36,1,5236.22,29,3.16,160.55
Sn2wKJb0bjN4fAL0EvC7,,,OKTA,CALL,OKTA280121C00060000,60,2028-01-21,IRA,,2026-04-23,31.20,2,6239.35,2026-05-07,35.20,2,7039.60,14,12.83,800.25
v5xq6ICBQPiOFtOSs9Rk,,,FIG,CALL,FIG280121C00015000,15,2028-01-21,IRA,,2026-04-17,7.66,5,3828.36,2026-05-01,7.70,5,3849.81,14,0.56,21.45
bsdKbjkqBz9LyDdKsqcb,,,QCOM,CALL,QCOM280121C00130000,130,2028-01-21,IRA ROTH,,2026-05-04,55.65,1,5565.02,2026-05-07,89.35,1,8935.00,3,60.56,3369.98
kpfCbyYvVs8r64hl4hqw,,,RDDT,CALL,RDDT280121C00115000,115,2028-01-21,IRA ROTH,,2026-04-28,71.51,1,7150.67,2026-06-10,94.65,1,9465.13,43,32.37,2314.46
UJR73CbmbENd0djp0UKr,,,MU,CALL,MU270115C00320000,320,2027-01-15,IRA,,2026-04-15,176.32,1,17631.67,2026-05-01,243.94,1,24394.47,16,38.36,6762.80
yMshcURCux1IGDIAayu4,,,CRWD,CALL,CRWD280121C00500000,500,2028-01-21,IRA ROTH,,2026-05-27,261.76,1,26175.67,2026-06-11,302.76,1,30275.70,15,15.66,4100.03
QsIGJFKN08B88oXrCiAP,,,BE,CALL,BE260618C00245000,245,2026-06-18,IRA,,2026-05-22,70.76,1,7075.67,2026-05-29,50.19,1,5019.00,7,-29.07,-2056.67
CyRYSix0LrLw5W6Yg22S,,,AMD,CALL,AMD280121C00320000,320,2028-01-21,IRA,,2026-05-07,186.30,1,18630.03,2026-06-03,288.18,1,28818.00,27,54.69,10187.97
TqxcM6e8Sq7ZTQVO1xay,,,AMD,CALL,AMD280121C00320000,320,2028-01-21,IRA,,2026-05-07,186.30,1,18630.03,2026-06-04,283.98,1,28398.00,28,52.43,9767.97
kOcvJdIUpAxbyKMH1u7b,,,WDC,CALL,WDC270115C00210000,210,2027-01-15,Margin,,2/11/2026,108.68,1,10868.02,3/13/2026,111.05,1,11104.98,29,2.18,236.96
rzt77DZOUGyHdxY7YtZk,,,WDC,CALL,WDC270115C00210000,210,2027-01-15,Margin,,3/3/2026,93.75,1,9375.02,3/13/2026,111.05,1,11104.97,9,18.45,1729.95
9IufdqAU8EVfsq3xLoiA,,,COHR,CALL,COHR280121C00290000,290,2028-01-21,IRA ROTH,,2026-05-29,172.29,1,17228.67,2026-06-08,228.89,1,22888.85,10,32.85,5660.18
t2ls9fr7NPSvYkaYHaPU,,,TSM,CALL,TSM280121C00300000,300,2028-01-21,IRA,,2026-04-30,145.75,1,14575.02,2026-06-10,171.24,1,17123.97,41,17.49,2548.95
6anGvstx2fP6ego3kreJ,,,EWY,CALL,EWY280121C00120000,120,2028-01-21,IRA,,2026-05-19,69.27,1,6926.67,2026-06-10,88.32,1,8832.14,22,27.51,1905.47
ZP1CXjBAQPxEVxuPJsPQ,,,MRVL,CALL,MRVL270115C00060000,60,2027-01-15,IRA,,2026-03-30,34.71,1,3470.67,2026-04-09,64.10,1,6410.00,10,84.69,2939.33
GK0gxm1OAI35tkafiz3X,,,LULU,CALL,LULU280121C00095000,95,2028-01-21,IRA,,2026-05-12,51.24,1,5123.67,2026-05-28,57.00,1,5700.00,16,11.25,576.33
685bm6r6S0sCwvr6MGj3,,,VRT,CALL,VRT280121C00230000,230,2028-01-21,DI Ind.,,2026-04-28,133.01,1,13300.67,2026-05-07,165.84,1,16583.98,9,24.69,3283.31
ztxLaQZBAWoQup1LtYRx,,,ARM,CALL,ARM280121C00155000,155,2028-01-21,IRA,,2026-05-15,104.01,1,10400.67,2026-05-22,192.29,1,19228.93,7,84.88,8828.26
nUuCscbvTmwsOvS7JpId,,,ARM,CALL,ARM280121C00250000,250,2028-01-21,IRA,,2026-05-27,144.76,1,14475.67,2026-06-01,239.52,1,23951.83,5,65.46,9476.16
gvERwVSnzeyVrTE1poba,,,MRVL,CALL,MRVL280121C00120000,120,2028-01-21,DI Ind.,,2026-04-28,68.04,1,6803.67,2026-06-03,212.43,1,21243.00,36,212.23,14439.33
JlegOh4lVNA9OJcZkBvT,,,MRVL,CALL,MRVL270115C00055000,55,2027-01-15,Margin,,2/5/2026,25.00,1,2500.02,3/26/2026,49.15,1,4914.98,48,96.60,2414.96
gFsQ7LYo5UGsXBHPSi3J,,,COHR,CALL,COHR280121C00280000,280,2028-01-21,IRA,,2026-05-19,173.51,1,17350.67,2026-06-08,232.79,1,23278.85,20,34.17,5928.18
vk9pLzm7Z4YFlriUBS9f,,,WDAY,CALL,WDAY280121C00090000,90,2028-01-21,Margin,,2026-04-23,49.71,1,4970.67,2026-05-07,62.62,1,6261.85,14,25.98,1291.18
WaBm7nyE1N0EwDa50TyW,,,AMAT,CALL,AMAT280121C00300000,300,2028-01-21,IRA,,2026-05-01,161.00,1,16100.02,2026-05-07,176.14,1,17614.33,6,9.41,1514.31
0mLPVCI9l4qjr7ZdbUPD,,,NOW,CALL,NOW280121C00065000,65,2028-01-21,IRA,,2026-04-23,36.38,1,3637.67,2026-05-29,70.64,1,7064.00,36,94.19,3426.33
VqeUqupdO9dDvjZLpjvq,,,NOW,CALL,NOW280121C00065000,65,2028-01-21,IRA,,2026-04-23,39.68,1,3967.67,2026-05-29,35.40,1,3539.91,36,-10.78,-427.76
Hjwn3QqE5GDBYXIpoA7P,,,TSLA,CALL,TSLA270115C00240000,240,2027-01-15,IRA,,2026-03-30,133.58,1,13358.34,2026-04-28,156.73,1,15673.00,29,17.33,2314.66
RQ0LwIUTUcBAULkEBb0u,,,TSLA,CALL,TSLA270115C00240000,240,2027-01-15,IRA,,2026-03-30,133.58,1,13358.34,2026-04-28,156.64,1,15664.00,29,17.26,2305.66
chlZ1Ovw0ooEQtyaEs9r,,,TSLA,CALL,TSLA270115C00240000,240,2027-01-15,IRA,,2026-03-30,133.58,1,13358.34,2026-04-28,156.56,1,15656.00,29,17.20,2297.66
we7kbbE2wq5f7zcqibdB,,,LMND,CALL,LMND280121C00045000,45,2028-01-21,IRA,,2026-04-29,28.34,2,5667.35,2026-05-11,26.32,2,5264.54,12,-7.11,-402.81
VU6XPIeydgWbvZxiLTnF,,,AMD,CALL,AMD280121C00310000,310,2028-01-21,IRA ROTH,,2026-05-07,186.42,1,18642.02,2026-05-07,199.26,1,19925.56,0,6.89,1283.54
1EgaEayohXPSVWuLbw5h,,,CVS,CALL,CVS280121C00062500,62.5,2028-01-21,IRA,,2026-04-29,24.92,1,2491.67,2026-06-05,36.92,1,3692.25,37,48.18,1200.58
AcxaiSaswmkQoqFhrQUK,,,CVS,CALL,CVS280121C00062500,62.5,2028-01-21,IRA,,2026-04-29,24.92,1,2491.67,2026-06-05,36.49,1,3649.25,37,46.46,1157.58
Svx0fDqDLkvdS3ptkBTh,,,CVS,CALL,CVS280121C00062500,62.5,2028-01-21,IRA,,2026-04-29,24.92,1,2491.67,2026-06-05,36.58,1,3658.25,37,46.82,1166.58
TYZ4JPoTxMCW81wO1FzS,,,CVS,CALL,CVS280121C00062500,62.5,2028-01-21,IRA,,2026-04-29,24.92,1,2491.67,2026-06-05,36.52,1,3652.25,37,46.58,1160.58
qLsSbpISnCMA3aR8STNu,,,CVS,CALL,CVS280121C00062500,62.5,2028-01-21,IRA,,2026-04-29,24.92,1,2491.67,2026-06-05,36.94,1,3694.25,37,48.26,1202.58
ywF2yF46vo4sMaKDjyOo,,,CVS,CALL,CVS280121C00062500,62.5,2028-01-21,IRA,,2026-04-29,24.92,1,2491.67,2026-06-05,36.49,1,3649.25,37,46.46,1157.58
KLMDX1EGDuEQHiwTnG7p,,,PANW,CALL,PANW280121C00135000,135,2028-01-21,IRA ROTH,,2026-04-23,65.51,1,6550.67,2026-05-07,81.75,1,8174.81,14,24.79,1624.14
vZSq5PYQx3EkExjflx9V,,,PANW,CALL,PANW280121C00135000,135,2028-01-21,IRA ROTH,,2026-04-24,66.29,1,6628.67,2026-05-07,81.75,1,8174.81,13,23.32,1546.14
cy50JLbX6SpVxuqz8EIq,,,DELL,CALL,DELL280121C00175000,175,2028-01-21,IRA,,2026-05-01,77.25,1,7725.02,2026-05-07,95.69,1,9568.77,6,23.87,1843.75
O92WfQmjVKZ76sM6AKa6,,,RDDT,CALL,RDDT280121C00115000,115,2028-01-21,DI Ind.,,2026-04-28,69.88,1,6987.67,2026-06-10,94.03,1,9403.13,43,34.57,2415.46
l0LDuixGxro0ruFBpTS2,,,ARM,CALL,ARM280121C00160000,160,2028-01-21,IRA ROTH,,2026-05-07,97.68,1,9768.02,2026-05-20,140.30,1,14030.00,13,43.63,4261.98
S6LAMGMRiUbAtnevvHQH,,,HIMS,CALL,HIMS280121C00025000,25,2028-01-21,IRA ROTH,,2026-04-29,12.95,5,6473.37,2026-05-15,10.84,5,5421.00,16,-16.26,-1052.37
W0P81P8jwEXRiZ2Oze6X,,,AMD,CALL,AMD270115C00150000,150,2027-01-15,Margin,,3/3/2026,63.10,1,6310.02,3/26/2026,82.95,1,8294.98,22,31.46,1984.96
lNxJMNcUNX4MQx54tTyX,,,AMD,CALL,AMD270115C00150000,150,2027-01-15,Margin,,2/5/2026,66.84,1,6684.02,3/25/2026,86.45,1,8644.98,47,29.34,1960.96
SAFXz74FAyaKdeBRhMRe,,,BE,CALL,BE280121C00190000,190,2028-01-21,IRA,,2026-04-30,157.00,1,15700.02,2026-05-07,152.25,1,15224.66,7,-3.03,-475.36
4tVfwdEkzGrSfLX8k2FA,,,ARM,CALL,ARM260515C00177200,177.2,2026-05-15,IRA,,2026-04-23,37.89,1,3788.67,2026-04-23,37.74,1,3774.25,0,-0.38,-14.42
eQTDJGBBe0vuVWamOiEq,,,NET,CALL,NET280121C00150000,150,2028-01-21,IRA,,2026-05-15,89.27,1,8926.67,2026-06-01,145.49,1,14549.03,17,62.98,5622.36
Sr1HboqRiUSg1rtQhFVO,,,CEG,CALL,CEG270115C00230000,230,2027-01-15,IRA,,2026-04-18,90.06,1,9005.67,2026-04-28,100.52,1,10052.45,10,11.62,1046.78
aZgLHH015UcrBZ4k45di,,,CEG,CALL,CEG270115C00230000,230,2027-01-15,IRA,,2026-04-18,91.86,1,9185.67,2026-04-28,100.52,1,10052.45,10,9.44,866.78
s2mqJrW6IWiTEW3Pwf1k,,,CEG,CALL,CEG270115C00230000,230,2027-01-15,IRA,,2026-04-21,78.61,1,7860.67,2026-04-28,100.52,1,10052.45,7,27.88,2191.78
eac21iyyPUW6Tf3BaLyh,,,MU,CALL,MU280121C00530000,530,2028-01-21,IRA,,2026-05-18,324.14,1,32413.67,2026-05-28,557.43,1,55743.18,10,71.97,23329.51
tuCC20hZ00wBfImZl3eV,,,NET,CALL,NET270115C00120000,120,2027-01-15,IRA,,2026-02-23,58.70,1,5870.02,2026-03-11,102.59,1,10258.98,16,74.77,4388.96
GiYZKaTXkeu6T1hAJWFt,,,MU,CALL,MU280121C00570000,570,2028-01-21,IRA,,2026-05-15,370.58,1,37057.67,2026-06-01,624.98,1,62498.04,17,68.65,25440.37
OhMhaNxmVoEMvGcqxtuP,,,STX,CALL,STX280121C00620000,620,2028-01-21,Margin,,2026-05-12,386.51,1,38650.67,2026-05-12,367.99,1,36798.57,0,-4.79,-1852.10
LWuXgsytI02JmKfWGN13,,,RDDT,CALL,RDDT280121C00115000,115,2028-01-21,IRA ROTH,,2026-04-28,70.28,1,7027.67,2026-06-10,93.39,1,9339.13,43,32.89,2311.46
IVTDoEB2q4W0SQbvvMdq,,,ORCL,CALL,ORCL270115C00110000,110,2027-01-15,IRA,,2026-02-23,48.42,1,4841.68,2026-04-22,86.31,1,8631.15,58,78.27,3789.46
JqBc3vLs8RdmSQDlTvqP,,,ORCL,CALL,ORCL270115C00110000,110,2027-01-15,IRA,,2026-02-04,48.42,1,4841.68,2026-04-15,71.35,1,7135.00,70,47.37,2293.32
WILfa2uqLEFQ2uMRf9Os,,,ORCL,CALL,ORCL270115C00110000,110,2027-01-15,IRA,,2026-02-20,48.42,1,4841.68,2026-04-15,66.90,1,6690.00,54,38.18,1848.32
kIpCWZQ6uWfWWWPl2OYl,,,ORCL,CALL,ORCL270115C00110000,110,2027-01-15,IRA,,2026-03-25,48.42,1,4841.68,2026-04-15,68.66,1,6866.00,21,41.81,2024.32
lRZlmBme5jHCT46tp12b,,,ORCL,CALL,ORCL270115C00110000,110,2027-01-15,IRA,,2026-04-10,43.21,1,4320.67,2026-04-22,86.31,1,8631.15,12,99.76,4310.48
pXWx8fqiO68gLEuPijQ7,,,ORCL,CALL,ORCL270115C00110000,110,2027-01-15,IRA,,2026-04-09,42.35,1,4235.00,2026-04-22,86.31,1,8631.15,13,103.81,4396.15
jWLdFCcXf0ofZoktY16l,,,AMD,CALL,AMD270115C00160000,160,2027-01-15,Margin,,3/3/2026,57.90,1,5790.02,3/26/2026,76.08,1,7607.97,22,31.40,1817.95
qwsxZ6R1xn4TlKbaw2AK,,,AMD,CALL,AMD270115C00160000,160,2027-01-15,Margin,,2/4/2026,67.74,1,6774.02,3/26/2026,76.08,1,7607.98,49,12.31,833.96
rzC9jVXk1TTtFJ58OruK,,,LMND,CALL,LMND280121C00045000,45,2028-01-21,IRA,,2026-04-29,27.64,2,5527.34,2026-05-11,26.32,2,5264.54,12,-4.75,-262.80
fNdB5fDH86YsZo8kmBz5,,,SNOW,CALL,SNOW280121C00115000,115,2028-01-21,IRA ROTH,,2026-04-23,61.85,1,6184.67,2026-05-07,70.42,1,7041.80,14,13.86,857.13
m6z0pGFcFnN9ZDCTdnIq,,,SNOW,CALL,SNOW280121C00115000,115,2028-01-21,IRA ROTH,,2026-04-24,56.96,1,5695.67,2026-05-07,70.42,1,7041.80,13,23.63,1346.13
nTCkcFjCfPOe8sa0hk7I,,,SNOW,CALL,SNOW280121C00115000,115,2028-01-21,IRA ROTH,,2026-04-24,57.06,1,5705.67,2026-05-07,70.42,1,7041.80,13,23.42,1336.13
J8UpkryMyxjFnVoGXLkc,,,AMD,CALL,AMD280121C00290000,290,2028-01-21,IRA ROTH,,2026-04-28,117.41,1,11740.67,2026-05-07,198.45,1,19844.57,9,69.02,8103.90
O0HkwKgLyeDi3EgeYNjc,,,MDB,CALL,MDB280121C00240000,240,2028-01-21,IRA ROTH,,2026-05-29,141.26,1,14125.67,2026-06-10,183.34,1,18333.95,12,29.79,4208.28
zvt3WM9kelfLbe0cXDVi,,,EWY,CALL,EWY280121C00125000,125,2028-01-21,DI IRA,,2026-06-05,87.01,1,8700.67,2026-06-11,93.19,1,9319.13,6,7.11,618.46
vmh9IZpxkZZo8DWhmogB,,,OKTA,CALL,OKTA280121C00060000,60,2028-01-21,IRA,,2026-04-29,30.65,2,6129.35,2026-05-07,35.20,2,7040.00,8,14.86,910.65
3Kaq7oFLWE1euSHSdP1V,,,STX,CALL,STX280121C00570000,570,2028-01-21,IRA ROTH,,2026-05-07,366.90,1,36690.02,2026-06-08,485.62,1,48562.32,32,32.36,11872.30
VKuNklPsWTh1Tcfw611C,,,NET,CALL,NET260320C00120000,120,2026-03-20,IRA,,2/23/2026,42.39,1,4239.02,3/11/2026,90.22,1,9021.98,15,112.83,4782.96
JVfpB0AAWf0ekSt85IdP,,,CRWV,CALL,CRWV270115C00080000,80,2027-01-15,IRA,,2026-04-21,50.31,1,5030.67,2026-05-01,55.90,1,5589.86,10,11.12,559.19
ZxAjWKlQtMOoNAvRwczo,,,CRWV,CALL,CRWV270115C00080000,80,2027-01-15,IRA,,2026-04-20,48.04,1,4803.67,2026-05-01,53.95,1,5394.86,11,12.31,591.19
dYcTGE6bBQpwbnMRyF9m,,,CRWD,CALL,CRWD280121C00500000,500,2028-01-21,IRA,,2026-05-27,261.51,1,26150.67,2026-06-11,303.34,1,30333.70,15,16.00,4183.03
k6IGdAc3U8Cw3oGwoKBz,,,ARM,CALL,ARM280121C00170000,170,2028-01-21,IRA,,2026-04-28,83.51,1,8350.67,2026-05-07,94.00,1,9399.78,9,12.56,1049.11
rWplKgYjE6ATisxtiWf9,,,PI,CALL,PI261218C00070000,70,2026-12-18,IRA,,2026-04-02,43.31,1,4330.67,2026-04-23,58.79,1,5879.20,21,35.76,1548.53
XwovopWDU9TH8jXm1xPA,,,MRVL,CALL,MRVL280121C00110000,110,2028-01-21,IRA,,2026-04-28,73.47,1,7346.67,2026-05-26,116.62,1,11662.08,28,58.74,4315.41
cqibjXSDaZiI1JDodrxK,,,DELL,CALL,DELL280121C00155000,155,2028-01-21,IRA ROTH,,2026-04-29,84.26,1,8425.67,2026-05-07,105.75,1,10574.76,8,25.51,2149.09
3seIirvW4q3VpL3sOoXi,,,AMAT,CALL,AMAT280121C00300000,300,2028-01-21,IRA,,2026-04-28,154.97,1,15496.67,2026-05-07,176.14,1,17614.33,9,13.67,2117.66
bfavCVcafNr5Co8NNZVl,,,AMAT,CALL,AMAT280121C00300000,300,2028-01-21,DI Ind.,,2026-04-27,167.01,1,16700.67,2026-06-03,253.98,1,25398.00,37,52.08,8697.33
C0Xs2fPIVWjkIE7bxUZx,,,ARM,CALL,ARM280121C00170000,170,2028-01-21,IRA ROTH,,2026-04-27,92.67,1,9266.67,2026-05-07,94.27,1,9426.78,10,1.73,160.11
dvCFHZ9kD3FCx9ez9R3y,,,ARM,CALL,ARM280121C00170000,170,2028-01-21,IRA ROTH,,2026-04-27,93.04,1,9303.67,2026-05-07,94.27,1,9426.78,10,1.32,123.11
2SLj1bg1M3T3zLL6Q9xf,,,COHR,CALL,COHR280121C00250000,250,2028-01-21,IRA,,2026-05-07,151.75,1,15175.02,2026-06-02,258.05,1,25804.79,26,70.05,10629.77
wjktC3VM8WbUCT3kUsgs,,,NOW,CALL,NOW280121C00065000,65,2028-01-21,IRA,,2026-04-29,38.61,1,3860.67,2026-05-18,53.54,1,5354.00,19,38.68,1493.33
PKxmaXdXRNVzhyMzNaK3,,,FSLY,CALL,FSLY270115C00015000,15,2027-01-15,IRA,,2026-04-10,12.10,1,1210.00,2026-04-28,13.16,1,1316.30,18,8.78,106.30
g1jHmporSNXcM3x55a9p,,,FSLY,CALL,FSLY270115C00015000,15,2027-01-15,IRA,,2026-04-10,12.10,1,1210.00,2026-04-28,13.16,1,1316.30,18,8.78,106.30
GWJ5aqK86O7WpO1EgmTu,,,BE,CALL,BE280121C00190000,190,2028-01-21,IRA,,2026-04-28,120.91,1,12090.67,2026-05-07,152.94,1,15293.66,9,26.49,3202.99
V3Xg4LCu644Sctydgsva,,,DELL,CALL,DELL280121C00155000,155,2028-01-21,IRA ROTH,,2026-04-28,85.46,1,8545.67,2026-05-07,105.75,1,10574.76,9,23.74,2029.09
MhA6SYqPY3k841x4fKDT,,,SHOP,CALL,SHOP260515C00105000,105,2026-05-15,IRA ROTH,,2026-05-05,10.45,4,4180.09,2026-05-07,5.84,4,2335.86,2,-44.12,-1844.23
yRGdr1JWf33xfGZeZp8Z,,,SHOP,CALL,SHOP260515C00105000,105,2026-05-15,IRA ROTH,,2026-05-05,10.45,4,4180.09,2026-05-07,5.84,4,2335.86,2,-44.12,-1844.23
WWASBDEv4kaylLpasxJ6,,,SMCI,CALL,SMCI270115C00025000,25,2027-01-15,Margin,,3/3/2026,10.73,1,1073.02,3/11/2026,11.87,1,1186.97,7,10.62,113.95
hGxaI7yby1ThNBUtKMiY,,,SMCI,CALL,SMCI270115C00025000,25,2027-01-15,Margin,,2/5/2026,11.30,1,1130.02,3/11/2026,11.87,1,1186.98,33,5.04,56.96
w4EcCcl7bL7wV26cWmfo,,,SMCI,CALL,SMCI270115C00025000,25,2027-01-15,Margin,,2/5/2026,12.69,2,2538.05,3/11/2026,11.87,2,2373.96,33,-6.47,-164.09
1tpnxFKcLfimUqnyz4RK,,,MRVL,CALL,MRVL280121C00120000,120,2028-01-21,IRA,,2026-04-27,69.76,1,6975.67,2026-06-01,119.93,1,11993.08,35,71.93,5017.41
ZBBeomi6uR0Em2EYz2kF,,,AMD,CALL,AMD280121C00290000,290,2028-01-21,IRA ROTH,,2026-04-27,129.66,1,12965.67,2026-05-07,198.70,1,19869.57,10,53.25,6903.90
DkeqNMzElBNaBs4ywVcF,,,FSLY,CALL,FSLY270115C00015000,15,2027-01-15,IRA ROTH,,2026-04-17,13.01,1,1300.67,2026-04-28,14.49,1,1449.30,11,11.43,148.63
c9jywwiv3J2libFaAXPS,,,FSLY,CALL,FSLY270115C00015000,15,2027-01-15,IRA ROTH,,2026-04-17,13.01,4,5202.69,2026-04-28,14.49,4,5797.19,11,11.43,594.50
jzx2BKcEKm3wH63swQNn,,,FSLY,CALL,FSLY270115C00015000,15,2027-01-15,IRA ROTH,,2026-04-23,12.51,5,6253.37,2026-04-28,14.49,5,7246.48,5,15.88,993.11
0hCfnkW7RqUEJj6Bj0HZ,,,PWR,CALL,PWR280121C00500000,500,2028-01-21,IRA,,2026-04-29,224.71,1,22470.67,2026-05-07,337.99,1,33799.28,8,50.42,11328.61
9TcbeF5i5pgXTqqI5lCB,,,ARM,CALL,ARM280121C00240000,240,2028-01-21,IRA,,2026-05-22,151.60,1,15160.00,2026-06-01,244.74,1,24473.82,10,61.44,9313.82
F86gymQ0jkYgxnDpw5ue,,,TSLA,CALL,TSLA270115C00300000,300,2027-01-15,DI IND,,2026-04-08,124.91,1,12490.67,2026-04-15,155.00,1,15500.01,7,24.09,3009.34
cbuxFfQ0dgIxxT8wcKmw,,,TSLA,CALL,TSLA270115C00300000,300,2027-01-15,DI IND,,2026-03-13,161.22,1,16121.67,2026-04-15,155.00,1,15500.01,33,-3.86,-621.66
CvkDvKQNG0R9yWR4CGNi,,,WDC,CALL,WDC270115C00210000,210,2027-01-15,IRA,,2/11/2026,109.65,1,10965.02,3/26/2026,113.90,1,11389.98,42,3.88,424.96
naLwYj6U9FDE5QmPcRj0,,,WDC,CALL,WDC270115C00210000,210,2027-01-15,IRA,,3/12/2026,99.50,1,9950.02,3/26/2026,113.90,1,11389.97,14,14.47,1439.95
ybq3NJvkHxVMPynuFVH3,,,FIG,CALL,FIG280121C00015000,15,2028-01-21,IRA,,2026-04-16,7.96,5,3978.35,2026-05-01,7.82,5,3909.79,15,-1.72,-68.56
5EgAUNi79rIMzdCRj640,,,MDB,CALL,MDB280121C00190000,190,2028-01-21,IRA ROTH,,2026-04-23,120.01,1,12000.67,2026-05-07,154.58,1,15457.66,14,28.81,3456.99
DSN9z0qxhP9GTpHFluEQ,,,MDB,CALL,MDB280121C00190000,190,2028-01-21,IRA ROTH,,2026-04-24,117.83,1,11782.67,2026-05-07,154.58,1,15457.66,13,31.19,3674.99
dEXpdgUm3ZxnwoSeT95f,,,QCOM,CALL,QCOM280121C00150000,150,2028-01-21,IRA,,2026-05-14,76.83,1,7682.67,2026-06-03,128.60,1,12860.00,20,67.39,5177.33
1F9yWlHrUUwtRKy65zn8,,,MRVL,CALL,MRVL270115C00100000,100,2027-01-15,IRA,,2026-04-16,47.56,1,4755.67,2026-04-28,65.39,1,6539.19,12,37.50,1783.52
JzMYqaC7kW0KE4bcLV9Z,,,NOW,CALL,NOW280121C00070000,70,2028-01-21,IRA ROTH,,2026-04-23,36.55,1,3654.67,2026-05-08,41.50,1,4149.75,15,13.55,495.08
LCo5wFPEdvJnZDbeJJsl,,,NOW,CALL,NOW280121C00070000,70,2028-01-21,IRA ROTH,,2026-04-23,34.01,1,3400.67,2026-05-08,41.50,1,4149.75,15,22.03,749.08
TyhdKZntkiMIghhsGycK,,,NOW,CALL,NOW280121C00070000,70,2028-01-21,IRA ROTH,,2026-04-23,34.96,1,3495.67,2026-05-08,41.50,1,4149.75,15,18.71,654.08
yGauqXyXksP39Jk1jITZ,,,NOW,CALL,NOW280121C00070000,70,2028-01-21,IRA ROTH,,2026-04-23,33.71,1,3370.67,2026-05-08,41.50,1,4149.75,15,23.11,779.08
CUs9TCDINtaYk1eRKhCh,,,MU,CALL,MU280121C00600000,600,2028-01-21,IRA ROTH,,2026-05-12,381.06,1,38105.67,2026-06-01,625.08,1,62508.04,20,64.04,24402.37
wf0McivXPruC6xioxhiS,,,MU,CALL,MU280121C00500000,500,2028-01-21,IRA ROTH,,2026-05-07,308.25,1,30825.02,2026-05-26,546.93,1,54693.00,19,77.43,23867.98
AYPJPwQchXqgcEvo0rB2,,,SNOW,CALL,SNOW280121C00120000,120,2028-01-21,IRA ROTH,,2026-05-11,65.01,1,6500.67,2026-05-28,140.99,1,14099.03,17,116.89,7598.36
3gAgfWczlKbODQK43Mqw,,,NVDA,CALL,NVDA270115C00150000,150,2027-01-15,IRA,,2026-02-26,46.63,4,18653.28,2026-04-27,72.15,4,28861.71,60,54.73,10208.43
7qHHljn4NoTCOBsVXHVs,,,NVDA,CALL,NVDA270115C00150000,150,2027-01-15,IRA,,2026-02-13,52.85,1,5285.02,2026-04-15,59.64,1,5964.00,61,12.85,678.98
izzQ2bAUNgmVaOZErE7d,,,NVDA,CALL,NVDA270115C00150000,150,2027-01-15,IRA,,2026-03-13,46.63,7,32643.25,2026-04-28,71.44,7,50009.25,46,53.20,17366.00
Cg1EIVc7BJxVfRM6oKM3,,,ANET,CALL,ANET280121C00105000,105,2028-01-21,IRA,,2026-05-11,55.76,1,5575.67,2026-06-02,89.97,1,8997.14,22,61.36,3421.47
TkBxFUkCwxVM2ZGZ6jO8,,,LMND,CALL,LMND280121C00045000,45,2028-01-21,IRA,,2026-05-07,25.45,2,5090.05,2026-05-11,26.32,2,5264.54,4,3.43,174.49
zuFOjyBcNHMAaLH0nEdi,,,NOW,CALL,NOW280121C00070000,70,2028-01-21,IRA ROTH,,2026-05-08,38.33,1,3832.67,2026-05-29,67.70,1,6770.19,21,76.64,2937.52
tHoncIy97j32nsUhGSeR,,,QCOM,CALL,QCOM280121C00130000,130,2028-01-21,IRA ROTH,,2026-05-01,62.78,1,6278.02,2026-05-07,89.35,1,8935.00,6,42.32,2656.98
X9gfURzMcDuSnYlulsQA,,,WDC,CALL,WDC280121C00350000,350,2028-01-21,IRA,,2026-05-07,223.80,1,22380.02,2026-06-04,346.99,1,34698.61,28,55.04,12318.59
2sxtCydYy3FKVaMyN7Gd,,,PWR,CALL,PWR280121C00580000,580,2028-01-21,IRA,,2026-05-07,290.00,1,29000.02,2026-05-11,311.24,1,31123.68,4,7.32,2123.66
HihbLK9hcR5LZfYKD7NB,,,RDDT,CALL,RDDT280121C00115000,115,2028-01-21,IRA,,2026-04-29,68.03,1,6802.67,2026-06-10,95.07,1,9507.13,42,39.76,2704.46
myFGTpzVQb26qsOkAfJZ,,,STX,CALL,STX270115C00280000,280,2027-01-15,IRA,,3/30/2026,131.27,1,13126.67,4/2/2026,186.37,1,18636.94,3,41.98,5510.27
tjrc4YP1etX4TJxu56es,,,BE,CALL,BE280121C00190000,190,2028-01-21,IRA,,2026-04-28,123.17,1,12316.67,2026-05-07,151.35,1,15134.66,9,22.88,2817.99
5yBmOzdoOqocqn8mDrqN,,,PLTR,CALL,PLTR270115C00100000,100,2027-01-15,IRA,,2026-04-08,55.46,1,5545.67,2026-05-04,55.65,1,5565.00,26,0.35,19.33
9gQYMTFGiO8MSfLgpSd8,,,PLTR,CALL,PLTR270115C00100000,100,2027-01-15,IRA,,2026-04-08,55.46,3,16637.01,2026-04-28,52.36,3,15708.65,20,-5.58,-928.36
boIRPymyR5M5MfepIgzj,,,PLTR,CALL,PLTR270115C00100000,100,2027-01-15,IRA,,2026-04-09,44.25,2,8850.00,2026-05-04,55.65,2,11130.00,25,25.76,2280.00
82zJiJ91dcglwKk0asW9,,,EWY,CALL,EWY280121C00125000,125,2028-01-21,IRA,,2026-05-15,74.31,1,7430.67,2026-06-10,88.32,1,8832.15,26,18.86,1401.48
pX4iUDlYQbtdmc6ORnle,,,CVE,CALL,CVE280121C00022000,22,2028-01-21,IRA,,2026-05-08,9.77,1,976.67,2026-05-11,10.09,1,1009.30,3,3.34,32.63
7snLdsoHnmcnm4KZrVq6,,,CVE,CALL,CVE280121C00022000,22,2028-01-21,IRA,,2026-05-04,10.19,1,1019.00,2026-05-11,10.09,1,1009.30,7,-0.95,-9.70
ELlzv47JkdTwOSbAupxD,,,OKTA,CALL,OKTA280121C00060000,60,2028-01-21,IRA,,2026-05-04,31.30,1,3130.02,2026-05-07,35.20,1,3520.00,3,12.46,389.98
kgRMxPFjhQoc0DjL5KT2,,,WDAY,CALL,WDAY280121C00080000,80,2028-01-21,IRA ROTH,,2026-05-21,60.10,1,6009.67,2026-06-10,74.49,1,7449.17,20,23.95,1439.50
oAanSbLaabZDs5uUCrx5,,,AVGO,CALL,AVGO270115C00240000,240,2027-01-15,IRA,,3/19/2026,99.41,1,9941.02,3/26/2026,99.20,1,9919.98,7,-0.21,-21.04
ftHPV4wKS7bl2h7F8m0S,,,PLTR,CALL,PLTR270115C00100000,100,2027-01-15,IRA,,2/11/2026,49.90,1,4990.02,3/23/2026,71.00,1,7099.98,39,42.28,2109.96
oUA1zKGHm7MLRClFZIpe,,,PLTR,CALL,PLTR270115C00100000,100,2027-01-15,IRA,,2/23/2026,45.85,1,4585.02,3/26/2026,61.43,1,6142.98,30,33.98,1557.96
sHHNH3UAS0YB1Jb9rr0O,,,PLTR,CALL,PLTR270115C00100000,100,2027-01-15,IRA,,2/12/2026,45.50,1,4550.02,3/26/2026,61.33,1,6132.98,41,34.79,1582.96
WrYDEr8wfKUweWBMLJKi,,,AMD,CALL,AMD280121C00290000,290,2028-01-21,IRA,,2026-04-28,121.71,1,12170.67,2026-05-07,201.73,1,20172.55,9,65.75,8001.88
eTW2KgIIvZ9NEjdVn0o5,,,AMD,CALL,AMD280121C00330000,330,2028-01-21,IRA,,2026-05-12,197.34,1,19733.67,2026-06-11,238.07,1,23806.83,30,20.64,4073.16
klRPaNHiZmTEgKAovzJc,,,PLTR,CALL,PLTR270115C00100000,100,2027-01-15,IRA,,2026-04-10,42.41,1,4240.67,2026-05-04,55.65,1,5565.00,24,31.23,1324.33
4oMXn2mg6lYUtyHNSj7S,,,TSM,CALL,TSM270115C00220000,220,2027-01-15,IRA,,2026-04-16,157.68,1,15767.67,2026-04-28,181.39,1,18138.95,12,15.04,2371.28
5cWIAY0DFj8IsA1py0ZF,,,TSM,CALL,TSM270115C00220000,220,2027-01-15,IRA,,2026-03-03,113.51,1,11350.67,2026-04-27,201.49,1,20148.91,55,77.51,8798.24
Tyq5U1DzwozGjthYCkF9,,,TSM,CALL,TSM270115C00220000,220,2027-01-15,IRA,,2026-04-17,156.46,1,15645.67,2026-04-28,181.39,1,18138.95,11,15.94,2493.28
J0ECsUGss9z6kGBBYriw,,,STX,CALL,STX270115C00380000,380,2027-01-15,IRA,,2026-04-15,190.43,1,19042.67,2026-04-29,347.79,1,34778.61,14,82.64,15735.94
TOlh2lwNg9Lh00PtPh8r,,,TSM,CALL,TSM270115C00220000,220,2027-01-15,IRA ROTH,,2026-04-16,153.88,1,15387.67,2026-04-28,182.09,1,18208.95,12,18.33,2821.28
FMGs9yHaumMYoaYQSeCb,,,WDC,CALL,WDC270115C00270000,270,2027-01-15,IRA,,2026-04-15,140.17,1,14016.67,2026-04-29,195.36,1,19535.92,14,39.38,5519.25
zGpOH6qC5QCEGxD2Yfli,,,WDC,CALL,WDC270115C00270000,270,2027-01-15,IRA,,2026-04-22,159.01,1,15900.67,2026-05-01,194.55,1,19454.57,9,22.35,3553.90
lkHcAEtz41PT9W5msmwV,,,EWY,CALL,EWY280121C00115000,115,2028-01-21,IRA ROTH,,2026-06-05,88.71,1,8870.67,2026-06-11,102.39,1,10239.11,6,15.43,1368.44
aN6dAjEWqsxGO31qCBql,,,NFLX,CALL,NFLX270115C00080000,80,2027-01-15,IRA ROTH,,2026-05-01,19.50,2,3900.05,2026-05-04,19.13,2,3825.87,3,-1.90,-74.18
l0x9NNaghxzL1Nvr2xHn,,,SNOW,CALL,SNOW280121C00110000,110,2028-01-21,IRA ROTH,,2026-05-08,66.06,1,6605.67,2026-05-28,145.99,1,14599.02,20,121.01,7993.35
uyULepWLcpN6qBmZNghT,,,AMD,CALL,AMD280121C00320000,320,2028-01-21,IRA,,2026-05-07,174.73,1,17473.02,2026-06-04,282.48,1,28248.00,28,61.67,10774.98
c7IfhheRD5LfiqsmRJAs,,,CVE,CALL,CVE280121C00022000,22,2028-01-21,IRA,,2026-04-29,9.76,5,4878.36,2026-05-11,10.10,5,5050.00,12,3.52,171.64
tsL3JW3k20H3LkJbst7I,,,NOW,CALL,NOW280121C00065000,65,2028-01-21,IRA,,2026-04-23,36.21,1,3620.67,2026-05-18,52.75,1,5275.00,25,45.69,1654.33
zv0yJYun6p8wzCCLcMta,,,LRCX,CALL,LRCX280121C00210000,210,2028-01-21,IRA,,2026-05-15,126.96,1,12695.67,2026-06-08,166.24,1,16623.98,24,30.94,3928.31
FdRWn8ql2xtegDw38G3L,,,DELL,CALL,DELL280121C00185000,185,2028-01-21,IRA ROTH,,2026-05-11,104.76,1,10475.67,2026-05-28,175.99,1,17598.96,17,68.00,7123.29
jXb1eQrXeedTmtamcuZ2,,,FIG,CALL,FIG270115C00025000,25,2027-01-15,IRA,,2026-04-18,4.16,10,4156.73,2026-05-01,4.15,10,4149.68,13,-0.17,-7.05
exU6jnLlCIOhpe19bFRa,,,GLW,CALL,GLW260618C00160000,160,2026-06-18,IRA ROTH,,2026-05-28,27.69,1,2768.67,2026-05-28,27.91,1,2791.27,0,0.82,22.60
UPpMgFgs1qIYHq2RdnZd,,,ARM,CALL,ARM280121C00170000,170,2028-01-21,IRA ROTH,,2026-04-28,83.61,1,8360.67,2026-05-07,94.27,1,9426.78,9,12.75,1066.11
pnXHs6QsPEQW3UQByN8Y,,,QCOM,CALL,QCOM280121C00175000,175,2028-01-21,IRA,,2026-05-11,92.01,1,9200.67,2026-05-22,103.49,1,10349.11,11,12.48,1148.44
YJ6yn1kSWKIkvBqzwXZT,,,NET,CALL,NET270115C00150000,150,2027-01-15,DI IND,,2026-03-16,78.84,1,7883.67,2026-04-27,78.47,1,7847.16,42,-0.46,-36.51
oiSFJWAIIPCmvWnNZM7U,,,CRWV,CALL,CRWV280121C00085000,85,2028-01-21,IRA ROTH,,2026-04-27,52.56,1,5255.67,2026-05-07,71.81,1,7180.83,10,36.63,1925.16
T9sET1meD4ciIOF7yO3f,,,WDC,CALL,WDC280121C00330000,330,2028-01-21,IRA,,2026-05-01,210.23,1,21023.02,2026-05-08,238.00,1,23800.00,7,13.21,2776.98
NHnoGhXsMTfF2VJFx8T8,,,MU,CALL,MU270115C00320000,320,2027-01-15,IRA ROTH,,2026-04-20,171.73,1,17172.67,2026-05-01,249.99,1,24999.46,11,45.58,7826.79
Ebunc4DEO0UIQSGDpQgu,,,FSLY,CALL,FSLY280121C00012500,12.5,2028-01-21,IRA ROTH,,2026-04-27,15.71,3,4712.02,2026-05-05,23.90,3,7169.78,8,52.16,2457.76
Z7jDKPf8RLXQ8w4fA5ii,,,FSLY,CALL,FSLY280121C00012500,12.5,2028-01-21,IRA ROTH,,2026-04-24,16.11,3,4832.02,2026-05-05,23.90,3,7169.78,11,48.38,2337.76
nGsMTc1zcvIWJUWbbpff,,,FSLY,CALL,FSLY280121C00012500,12.5,2028-01-21,IRA ROTH,,2026-04-24,16.01,3,4802.02,2026-05-05,23.90,3,7169.78,11,49.31,2367.76
xTDmwUVssdx4nJmlokWA,,,FSLY,CALL,FSLY280121C00012500,12.5,2028-01-21,IRA ROTH,,2026-04-23,16.86,3,5057.02,2026-05-05,23.90,3,7169.78,12,41.78,2112.76
ckWRfqF5kCljPpoFwyED,,,CVS,CALL,CVS280121C00060000,60,2028-01-21,IRA ROTH,,2026-05-01,27.19,1,2719.02,2026-05-07,30.60,1,3060.00,6,12.54,340.98
Bs9X6JwFOOWBwvyznJNz,,,WDC,CALL,WDC280121C00380000,380,2028-01-21,IRA,,2026-05-12,233.51,1,23350.67,2026-06-11,271.66,1,27165.77,30,16.34,3815.10
2z27NdnkB6ziJJwn1xHe,,,AMAT,CALL,AMAT270115C00300000,300,2027-01-15,IRA,,2026-04-16,127.78,1,12777.67,2026-05-01,127.80,1,12779.71,15,0.02,2.04
N4CpKYTU7IzoGaBzTQGF,,,AMAT,CALL,AMAT270115C00300000,300,2027-01-15,IRA,,2026-04-22,129.71,1,12970.67,2026-05-01,127.80,1,12779.71,9,-1.47,-190.96
knMXkwCHJbmV93hXTREN,,,AMAT,CALL,AMAT270115C00300000,300,2027-01-15,IRA,,2026-04-15,122.65,1,12264.67,2026-05-01,127.80,1,12779.71,16,4.20,515.04
hckMg25igu9uvUmLkpwv,,,VRT,CALL,VRT270115C00140000,140,2027-01-15,Margin,,2/5/2026,60.00,1,6000.02,3/23/2026,142.37,1,14236.98,45,137.28,8236.96
fTuLyEUR03nqHsy9go4c,,,DELL,CALL,DELL270115C00140000,140,2027-01-15,IRA,,2026-04-22,86.66,1,8665.67,2026-05-01,81.71,1,8170.81,9,-5.71,-494.86
Qrxv1ICx4c71Wa9m48Ao,,,QCOM,CALL,QCOM280121C00145000,145,2028-01-21,IRA,,2026-05-19,75.36,1,7535.67,2026-06-03,131.99,1,13199.00,15,75.15,5663.33
Ia75LjBy7m0BybOS4oA1,,,LRCX,CALL,LRCX280121C00220000,220,2028-01-21,IRA,,2026-05-15,124.34,1,12433.67,2026-06-08,162.08,1,16207.99,24,30.36,3774.32
8RiHydo9R6a37vztdCud,,,CRWD,CALL,CRWD270115C00260000,260,2027-01-15,IRA,,2/23/2026,122.01,1,12201.02,3/11/2026,200.58,1,20057.98,15,64.40,7856.96
5iSPIeT7wGU536AdVMMs,,,LULU,CALL,LULU280121C00095000,95,2028-01-21,IRA,,2026-05-12,51.04,1,5103.67,2026-05-28,58.00,1,5800.00,16,13.64,696.33
ice1GP5IQuahUuN0udi7,,,NOW,CALL,NOW280121C00065000,65,2028-01-21,IRA,,2026-05-01,41.85,2,8370.04,2026-05-29,70.50,2,14099.00,28,68.45,5728.96
bMTLdHNzjGadGOURjj2O,,,SHOP,CALL,SHOP270115C00085000,85,2027-01-15,IRA,,2/11/2026,43.80,1,4380.02,2/11/2026,40.50,1,4049.98,0,-7.54,-330.04
58UFPuBrs7RWjbwylul6,,,QCOM,CALL,QCOM280121C00145000,145,2028-01-21,IRA,,2026-05-14,80.76,1,8075.67,2026-06-03,130.89,1,13089.00,20,62.08,5013.33
k91oP8yAX7gF3LWR1Ysa,,,MOD,CALL,MOD260618C00240000,240,2026-06-18,IRA,,2026-05-27,44.39,1,4438.67,2026-05-27,43.37,1,4337.24,0,-2.29,-101.43
O5qprASs0sZzHjhFsHo5,,,MDB,CALL,MDB280121C00230000,230,2028-01-21,IRA ROTH,,2026-05-27,139.51,1,13950.67,2026-06-08,186.85,1,18684.94,12,33.94,4734.27
uj87s12leG5ZdUMSecFL,,,WDAY,CALL,WDAY280121C00090000,90,2028-01-21,IRA ROTH,,2026-05-13,46.91,1,4690.67,2026-06-01,82.99,1,8299.15,19,76.93,3608.48
92PWmpVeyZdtljBEJHwQ,,,NOW,CALL,NOW280121C00085000,85,2028-01-21,IRA ROTH,,2026-05-19,41.76,1,4175.67,2026-06-01,70.41,1,7041.18,13,68.62,2865.51
gqWFoNUgNSTjaQJmKkDe,,,BE,CALL,BE270115C00150000,150,2027-01-15,IRA,,2026-04-18,90.82,1,9082.37,2026-04-29,153.10,1,15310.01,11,68.57,6227.64
7phTyX4aOFMJlkpQ4qEi,,,SOXX,CALL,SOXX260115C00275000,275,2026-01-15,DI IND,,2026-03-13,85.82,1,8581.67,2026-03-23,92.99,1,9299.33,10,8.36,717.66
hbJ7xpfBEQNocwn3eiNj,,,ARM,CALL,ARM280121C00260000,260,2028-01-21,IRA,,2026-05-27,141.01,1,14100.67,2026-06-01,236.99,1,23698.84,5,68.07,9598.17
yxCXdv0IModclaNWIm3t,,,DELL,CALL,DELL280121C00175000,175,2028-01-21,IRA,,2026-04-22,82.61,1,8260.67,2026-05-07,95.69,1,9568.77,15,15.84,1308.10
6DsCRmoDIk5tF5F25evS,,,ARM,CALL,ARM270115C00105000,105,2027-01-15,IRA,,2026-04-02,56.96,1,5695.67,2026-04-21,79.05,1,7905.16,19,38.79,2209.49
yUiGD2i02o2ki1iQembW,,,PANW,CALL,PANW280121C00185000,185,2028-01-21,IRA,,2026-05-27,101.41,1,10140.67,2026-06-11,122.19,1,12219.07,15,20.50,2078.40
RKlVY23PKFw4v7Hv07mK,,,AMD,CALL,AMD270115C00160000,160,2027-01-15,DI IND,,2026-04-26,58.79,1,5878.67,2026-04-26,69.17,1,6917.33,0,17.67,1038.66
oc8d1dGkeXaiYm4WO2lg,,,MRVL,CALL,MRVL280121C00120000,120,2028-01-21,DI Ind.,,2026-04-27,71.01,1,7100.67,2026-06-03,205.41,1,20541.00,37,189.28,13440.33
POIHYjrHiJSMBDH5zrv8,,,FIG,CALL,FIG270115C00025000,25,2027-01-15,IRA,,2026-04-16,4.75,10,4746.73,2026-05-01,4.05,10,4054.68,15,-14.58,-692.05
FNXwmhQCgSz8C72s069t,,,MU,CALL,MU280121C00700000,700,2028-01-21,IRA,,2026-05-27,466.01,1,46600.67,2026-06-11,541.10,1,54110.21,15,16.11,7509.54
3yqUYx7aD2azHUTQK6lN,,,LULU,CALL,LULU280121C00110000,110,2028-01-21,IRA,,2026-05-07,49.70,1,4970.02,2026-05-28,49.30,1,4930.00,21,-0.81,-40.02
gqt6m1PcT790S2FfwsfT,,,META,CALL,META270115C00500000,500,2027-01-15,DI IND,,2026-04-26,205.41,1,20540.67,2026-04-09,218.49,1,21848.87,-17,6.37,1308.20
kPD9vO1KWdgKn9C1RZ9L,,,MSFT,CALL,MSFT270115C00290000,290,2027-01-15,IRA,,2026-02-23,112.48,1,11248.02,2026-04-15,132.04,1,13204.00,51,17.39,1955.98
lQ1dKnt4C3QRhEpk0Qqb,,,MSFT,CALL,MSFT270115C00290000,290,2027-01-15,IRA,,2026-03-28,90.41,1,9040.67,2026-04-22,152.09,1,15209.01,25,68.23,6168.34
CmSMjhxKq8wjDlFc6nsn,,,NET,CALL,NET270115C00120000,120,2027-01-15,IRA,,2026-02-23,60.10,1,6010.02,2026-03-11,102.98,1,10297.98,16,71.35,4287.96
ChSNw4hz6Qldl27ttLVx,,,FIG,CALL,FIG280121C00015000,15,2028-01-21,IRA,,2026-05-05,10.25,1,1025.03,2026-06-01,16.86,1,1686.29,27,64.51,661.26
PfcEG7Jq0EXq2rooIXRn,,,FIG,CALL,FIG280121C00015000,15,2028-01-21,IRA,,2026-05-05,10.25,1,1025.03,2026-06-01,17.24,1,1724.29,27,68.22,699.26
XzaHCJa81l9oSR1gY1wO,,,FIG,CALL,FIG280121C00015000,15,2028-01-21,IRA,,2026-05-05,10.25,1,1025.03,2026-06-01,16.94,1,1694.29,27,65.29,669.26
rCH2wKmyhrkWONYmThK9,,,FIG,CALL,FIG280121C00015000,15,2028-01-21,IRA,,2026-05-05,10.25,1,1025.03,2026-06-01,17.17,1,1717.29,27,67.54,692.26
eigAc7WnwJzntH5u59hL,,,TER,CALL,TER280121C00250000,250,2028-01-21,IRA,,2026-05-15,165.51,1,16550.67,2026-06-11,197.49,1,19748.92,27,19.32,3198.25
bapcoDQZvfrk3SSWKFzY,,,DPZ,CALL,DPZ280121C00260000,260,2028-01-21,DI Ind.,,2026-05-01,103.08,1,10307.67,2026-05-08,95.27,1,9527.13,7,-7.57,-780.54
LPbCXXdEXHy0UtIGXbf9,,,MU,CALL,MU280121C00500000,500,2028-01-21,IRA,,2026-05-07,310.26,1,31026.02,2026-05-26,517.43,1,51743.26,19,66.77,20717.24
AB4A3jcUXHVsCnxNPliU,,,STX,CALL,STX270115C00320000,320,2027-01-15,IRA,,2/10/2026,144.00,1,14400.02,4/2/2026,161.09,1,16108.99,50,11.87,1708.97
Hcf2oP2MXljwy9gON6Ye,,,STX,CALL,STX270115C00320000,320,2027-01-15,IRA,,3/12/2026,122.80,1,12280.02,4/2/2026,161.09,1,16109.00,21,31.18,3828.98
nqS2Zq7v3fdI8pntp6CF,,,STX,CALL,STX270115C00320000,320,2027-01-15,IRA,,2/10/2026,147.00,1,14700.02,4/2/2026,161.09,1,16108.99,50,9.58,1408.97
Sk17zLKad95MdklkSasq,,,LMND,CALL,LMND280121C00045000,45,2028-01-21,IRA,,2026-05-01,29.30,2,5860.04,2026-05-11,26.32,2,5264.54,10,-10.16,-595.50
4HfuTOKDnznN18m7mYFP,,,ARM,CALL,ARM280121C00160000,160,2028-01-21,IRA ROTH,,2026-05-07,97.70,1,9770.02,2026-05-21,165.39,1,16538.98,14,69.28,6768.96
4YgsWvncwjSwGUEa5yzv,,,BE,CALL,BE270115C00090000,90,2027-01-15,IRA,,2026-03-30,54.51,1,5450.67,2026-04-15,141.65,1,14165.00,16,159.88,8714.33
ZYjM0nNXOKQnniKat7bn,,,AVGO,CALL,AVGO270115C00240000,240,2027-01-15,IRA,,2026-03-30,82.01,1,8200.67,2026-04-22,191.99,1,19198.93,23,134.11,10998.26
POE6vIBqH1nIWIZLNlQT,,,PWR,CALL,PWR270319C00500000,500,2027-03-19,IRA,,2026-04-29,185.01,1,18500.67,2026-05-01,269.49,1,26949.42,2,45.67,8448.75
vZYwJzjYHalZiF9H1kLy,,,LULU,CALL,LULU280121C00110000,110,2028-01-21,IRA,,2026-04-29,52.01,1,5200.67,2026-05-28,49.93,1,4993.00,29,-3.99,-207.67
IJg8ZxwKPaf7isnjm7BV,,,NVDA,CALL,NVDA270115C00150000,150,2027-01-15,DI IND,,2026-03-13,50.19,1,5018.67,2026-04-09,49.02,1,4902.22,27,-2.32,-116.45
7yxfwEcl0iQVRDVRfooO,,,NVDA,CALL,NVDA270115C00150000,150,2027-01-15,Margin,,2026-02-13,52.15,1,5215.02,2026-04-28,71.02,1,7102.18,74,36.19,1887.16
fVXjWJODwVI6EDyuuv5N,,,NVDA,CALL,NVDA270115C00150000,150,2027-01-15,Margin,,2026-02-13,52.15,2,10430.04,2026-04-27,76.69,2,15338.34,73,47.06,4908.30
K1nwzrTG2RqFgvnIOuLz,,,MDB,CALL,MDB280121C00250000,250,2028-01-21,IRA,,2026-05-26,141.51,1,14150.67,2026-06-10,181.02,1,18101.95,15,27.92,3951.28
7ZT852eKrc8BJrLn9lPe,,,LRCX,CALL,LRCX280121C00200000,200,2028-01-21,IRA ROTH,,2026-04-28,100.06,1,10005.67,2026-05-07,133.94,1,13393.70,9,33.86,3388.03
vlvyr51P53puJMG2ZQ1I,,,ARM,CALL,ARM280121C00160000,160,2028-01-21,IRA,,2026-05-07,98.30,1,9830.02,2026-05-20,140.40,1,14040.00,13,42.83,4209.98
GxYgAZ65RwCHNAyqywq8,,,AMD,CALL,AMD280121C00290000,290,2028-01-21,IRA ROTH,,2026-05-04,143.65,1,14365.02,2026-05-08,198.80,1,19879.90,4,38.39,5514.88
HiWfhP68dADGy19yJnbM,,,NFLX,CALL,NFLX270115C00080000,80,2027-01-15,IRA ROTH,,2026-04-18,23.44,1,2343.68,2026-04-30,20.55,1,2054.93,12,-12.32,-288.75
WH5PzPYMLXCFqIKBOory,,,NFLX,CALL,NFLX270115C00080000,80,2027-01-15,IRA ROTH,,2026-04-20,22.27,2,4453.35,2026-05-08,19.50,2,3900.00,18,-12.43,-553.35
XVVMpYw3cz6v651ItLsh,,,NFLX,CALL,NFLX270115C00080000,80,2027-01-15,IRA ROTH,,2026-04-18,23.44,1,2343.68,2026-05-08,19.50,1,1950.00,20,-16.80,-393.68
eNVStPasd1zshoGczbfA,,,MDB,CALL,MDB280121C00220000,220,2028-01-21,IRA ROTH,,2026-05-11,140.96,1,14095.67,2026-06-01,232.99,1,23298.85,21,65.29,9203.18
CiY0YYAgonRYBQRuaOo3,,,MU,CALL,MU280121C00500000,500,2028-01-21,IRA ROTH,,2026-05-07,307.50,1,30750.02,2026-05-26,543.18,1,54318.00,19,76.64,23567.98
WzzWwE7GyQ8ldwQ9oNjL,,,CVS,CALL,CVS280121C00060000,60,2028-01-21,IRA ROTH,,2026-04-24,24.31,3,7292.02,2026-05-07,30.60,3,9179.00,13,25.88,1886.98
3cxk6LWk9duxRci9XnTg,,,VRT,CALL,VRT280121C00230000,230,2028-01-21,IRA ROTH,,2026-04-22,133.91,1,13390.67,2026-05-08,165.85,1,16585.00,16,23.85,3194.33
bUF4FnqNyztFn5yjDFR4,,,VRT,CALL,VRT280121C00230000,230,2028-01-21,IRA ROTH,,2026-04-27,141.26,1,14125.67,2026-05-08,165.85,1,16585.00,11,17.41,2459.33
5YlOupQtDrjmrDKBtjPL,,,MRVL,CALL,MRVL260618C00267500,267.5,2026-06-18,DI IRA,,2026-06-05,45.11,1,4510.67,2026-06-08,34.54,1,3454.25,3,-23.42,-1056.42
6kmexOfyDOe32jej7CPX,,,CVS,CALL,CVS280121C00060000,60,2028-01-21,IRA ROTH,,2026-05-01,27.63,1,2763.02,2026-05-07,30.60,1,3060.00,6,10.75,296.98
53v3cQ5DYzNMlrzr088u,,,ARM,CALL,ARM280121C00170000,170,2028-01-21,IRA ROTH,,2026-05-04,87.50,1,8750.02,2026-05-07,94.27,1,9426.78,3,7.73,676.76
dKLhmK9bIq6VvjAXQNrd,,,DELL,CALL,DELL280121C00175000,175,2028-01-21,IRA ROTH,,2026-05-12,100.51,1,10050.67,2026-05-28,181.03,1,18102.95,16,80.12,8052.28
3Prrn34Qdveyy3EnicOF,,,RDDT,CALL,RDDT280121C00115000,115,2028-01-21,IRA,,2026-04-28,71.94,1,7193.67,2026-06-10,94.65,1,9465.13,43,31.58,2271.46
REKO2c1YqhzYhiUQcnkf,,,NOW,CALL,NOW280121C00070000,70,2028-01-21,IRA ROTH,,2026-04-23,33.71,1,3370.67,2026-05-08,41.50,1,4150.00,15,23.12,779.33
mfigAPxNNikBLSiBtV9A,,,NOW,CALL,NOW280121C00070000,70,2028-01-21,IRA ROTH,,2026-04-23,34.01,1,3400.67,2026-05-08,41.50,1,4150.00,15,22.03,749.33
wYn3JfEkLl55Vp3kCs2y,,,SMCI,CALL,SMCI270115C00025000,25,2027-01-15,IRA,,2/18/2026,10.70,1,1070.02,3/20/2026,5.74,1,573.97,29,-46.36,-496.05
ybBG9WQVArG4JBVXWjPq,,,SMCI,CALL,SMCI270115C00025000,25,2027-01-15,IRA,,2/13/2026,11.20,1,1120.02,3/20/2026,5.74,1,573.98,34,-48.75,-546.04
hsgkQ6v8uwVYytE9wQq2,,,MU,CALL,MU270115C00260000,260,2027-01-15,IRA,,2026-03-30,118.01,1,11800.67,2026-04-09,183.49,1,18348.95,10,55.49,6548.28
eYN3cPLVPfBdmWRJpiwF,,,AMAT,CALL,AMAT280121C00300000,300,2028-01-21,DI Ind.,,2026-04-28,154.01,1,15400.67,2026-06-03,252.23,1,25223.00,36,63.78,9822.33
1hzwFxInJub31gyOAX4q,,,FIG,CALL,FIG270115C00015000,15,2027-01-15,IRA,,2026-04-16,7.96,5,3978.36,2026-05-01,7.70,5,3849.81,15,-3.23,-128.55
lvP7uO4QYwwn7YTUVyu9,,,FIG,CALL,FIG270115C00015000,15,2027-01-15,IRA,,2026-04-18,7.66,5,3828.36,2026-05-01,7.82,5,3909.79,13,2.13,81.43
2gXsapNxwFDv1E5xcwWB,,,DDOG,CALL,DDOG280121C00150000,150,2028-01-21,IRA ROTH,,2026-05-08,83.01,1,8300.67,2026-06-01,149.49,1,14949.00,24,80.09,6648.33
Po73SIZ4BOyLTKYBqprI,,,DDOG,CALL,DDOG270115C00075000,75,2027-01-15,IRA,,2/23/2026,38.20,1,3820.02,3/23/2026,62.50,1,6249.98,27,63.61,2429.96
2dRLNcLgqLmm13HByqN6,,,QCOM,CALL,QCOM280121C00130000,130,2028-01-21,IRA ROTH,,2026-05-04,55.54,1,5554.02,2026-05-07,89.35,1,8935.00,3,60.87,3380.98
lgATQsJ5sUGSxFjUeza4,,,ARM,CALL,ARM280121C00160000,160,2028-01-21,IRA,,2026-05-07,97.51,1,9751.02,2026-05-22,188.99,1,18898.94,15,93.82,9147.92
8a8egiTenAnoFY4BbzyZ,,,NET,CALL,NET270115C00135000,135,2027-01-15,IRA ROTH,,2026-04-18,78.01,1,7800.67,2026-04-28,93.56,1,9356.13,10,19.94,1555.46
MszW0qsAMjgxgfMGFNIO,,,QCOM,CALL,QCOM280121C00165000,165,2028-01-21,IRA,,2026-05-12,81.09,1,8108.67,2026-05-22,108.99,1,10899.10,10,34.41,2790.43
0FuyPi6T5rlgvFEYxU1i,,,MSFT,CALL,MSFT270115C00290000,290,2027-01-15,Margin,,2026-02-23,112.38,1,11238.02,2026-04-15,127.97,1,12797.00,51,13.87,1558.98
8qsTJapy0ddWe9itbWb9,,,ASML,CALL,ASML260515C01320000,1320,2026-05-15,IRA,,2026-05-04,109.45,1,10945.02,2026-05-05,125.00,1,12499.72,1,14.20,1554.70
Pg79m6pvdLRK6XnK4W9H,,,MDB,CALL,MDB260515C00280000,280,2026-05-15,IRA,,2026-05-08,22.01,2,4401.34,2026-05-11,18.07,2,3614.10,3,-17.89,-787.24
5hjBd0VTXKOofMxGmVNd,,,CRM,CALL,CRM270115C00150000,150,2027-01-15,IRA,,2/11/2026,51.89,1,5189.02,3/26/2026,51.80,1,5179.98,42,-0.17,-9.04
GwXSE4sKm4z45ldoN8Gq,,,CRM,CALL,CRM270115C00150000,150,2027-01-15,IRA,,2/6/2026,54.50,1,5450.02,3/26/2026,51.80,1,5179.98,47,-4.95,-270.04
gFndFJokhaMuaNLz0PzV,,,CRM,CALL,CRM270115C00150000,150,2027-01-15,IRA,,2/20/2026,52.30,1,5230.02,3/26/2026,51.80,1,5179.97,33,-0.96,-50.05
yYtOg3qmNTScrVdwUlXJ,,,MU,CALL,MU280121C00700000,700,2028-01-21,IRA ROTH,,2026-05-28,470.01,1,47000.67,2026-06-11,543.34,1,54334.21,14,15.60,7333.54
1PGnOMDSkQlhdSqAr0Tq,,,DELL,CALL,DELL270115C00120000,120,2027-01-15,IRA,,2026-03-31,52.99,1,5298.67,2026-04-22,103.77,1,10377.11,22,95.84,5078.44
YH5E1x30VTgPk14XZfZc,,,DELL,CALL,DELL270115C00120000,120,2027-01-15,IRA,,2026-04-15,68.76,1,6875.67,2026-04-22,103.77,1,10377.11,7,50.93,3501.44
2gz6xijZit5MNDhDS3Mk,,,AMD,CALL,AMD280121C00310000,310,2028-01-21,IRA ROTH,,2026-05-07,188.23,1,18823.02,2026-06-04,289.62,1,28961.73,28,53.86,10138.71
wPll6G1BwnYLiOHjdDPQ,,,AMD,CALL,AMD280121C00310000,310,2028-01-21,IRA ROTH,,2026-05-07,188.23,1,18823.02,2026-06-04,288.87,1,28886.73,28,53.46,10063.71
nDEplmcEB9028mAq1AO2,,,CAH,CALL,CAH280121C00160000,160,2028-01-21,IRA,,2026-04-30,51.70,1,5170.02,2026-06-05,64.19,1,6419.00,36,24.16,1248.98
WNqhhzkDMv6VdAdNcsMN,,,MRVL,CALL,MRVL280121C00125000,125,2028-01-21,IRA,,2026-05-12,71.96,1,7195.67,2026-06-01,121.59,1,12159.07,20,68.98,4963.40
Ym7QFoPNERm5o1NXRAHp,,,MU,CALL,MU270115C00280000,280,2027-01-15,IRA,,2026-02-04,147.00,1,14700.02,2026-04-09,172.64,1,17263.97,64,17.44,2563.95
gRcAwCBegmbxB7CtO8vi,,,MU,CALL,MU270115C00280000,280,2027-01-15,IRA,,2026-02-10,147.00,1,14700.02,2026-04-22,235.99,1,23598.84,71,60.54,8898.82
ZL43tVuhCMVO1brZRwis,,,WDAY,CALL,WDAY280121C00080000,80,2028-01-21,IRA,,2026-05-21,60.21,1,6020.67,2026-06-10,74.64,1,7464.17,20,23.98,1443.50
mpQtrarr3PoKLgadpAjv,,,CRWV,CALL,CRWV270115C00050000,50,2027-01-15,IRA,,2026-03-30,29.11,1,2910.67,2026-04-22,78.37,1,7837.16,23,169.26,4926.49
AVLcNELjWBvPPxTC9go7,,,MU,CALL,MU280121C00560000,560,2028-01-21,IRA ROTH,,2026-05-12,361.98,1,36197.67,2026-06-01,629.98,1,62998.03,20,74.04,26800.36
EgTgRO2LbDQCrRG2e7U7,,,MU,CALL,MU270115C00280000,280,2027-01-15,Margin,,2026-02-23,147.10,1,14710.02,2026-04-09,170.70,1,17070.00,45,16.04,2359.98
y8Dnhx7eJePjOTOj9HGg,,,DELL,CALL,DELL280121C00190000,190,2028-01-21,IRA ROTH,,2026-05-08,100.21,1,10020.67,2026-05-22,142.18,1,14218.03,14,41.89,4197.36
diV1V4OmM3VLfadGegYs,,,VRT,CALL,VRT280121C00230000,230,2028-01-21,DI Ind.,,2026-04-28,131.76,1,13175.67,2026-05-07,165.84,1,16583.98,9,25.87,3408.31
a4kNvHF9h9BRQyuase7H,,,DPZ,CALL,DPZ280121C00260000,260,2028-01-21,IRA,,2026-04-27,98.01,1,9800.67,2026-05-08,96.08,1,9608.13,11,-1.96,-192.54
3Uwu9t6wIbRIsy7jjxom,,,VRT,CALL,VRT280121C00230000,230,2028-01-21,IRA ROTH,,2026-04-28,134.01,1,13400.67,2026-05-08,165.85,1,16585.00,10,23.76,3184.33
M22tCbH3XD7LIRd8mFxe,,,MDB,CALL,MDB260515C00280000,280,2026-05-15,IRA,,2026-05-08,22.01,1,2200.67,2026-05-11,18.07,1,1807.20,3,-17.88,-393.47
N0RNg4OsbfE0OmX0ZrDh,,,MDB,CALL,MDB260515C00280000,280,2026-05-15,IRA,,2026-05-08,22.01,1,2200.67,2026-05-11,18.07,1,1807.20,3,-17.88,-393.47
zl6t02BBdxTatHTuGe0x,,,MDB,CALL,MDB260515C00280000,280,2026-05-15,IRA,,2026-05-08,22.01,1,2200.67,2026-05-11,18.07,1,1807.20,3,-17.88,-393.47
OpK3VFh2Od4NGiwGSsrx,,,CAH,CALL,CAH280121C00160000,160,2028-01-21,IRA,,2026-04-24,61.21,1,6120.67,2026-06-05,64.65,1,6465.00,42,5.63,344.33
nguNmNUV2StlEIlyTAsq,,,CAH,CALL,CAH280121C00160000,160,2028-01-21,IRA,,2026-04-24,64.11,1,6410.67,2026-06-05,64.49,1,6449.00,42,0.60,38.33
8hdWHYbVLp9C5MvKWZBy,,,ORCL,CALL,ORCL270115C00110000,110,2027-01-15,Margin,,2026-02-04,52.74,1,5274.02,2026-04-15,66.90,1,6690.00,70,26.85,1415.98
ZA9828Z2o2L3Z45IeArI,,,LMND,CALL,LMND280121C00045000,45,2028-01-21,IRA,,2026-04-29,27.80,1,2779.67,2026-05-11,26.31,1,2631.27,12,-5.34,-148.40
tBMeIvlbizziGQU14w0p,,,ARM,CALL,ARM280121C00160000,160,2028-01-21,IRA,,2026-05-07,97.70,1,9770.02,2026-05-21,174.79,1,17478.96,14,78.90,7708.94
IVSke5mH4LQ03B4HwzHp,,,LULU,CALL,LULU280121C00110000,110,2028-01-21,IRA,,2026-04-29,52.20,1,5219.67,2026-05-28,49.95,1,4995.00,29,-4.30,-224.67
30dykY87kHKJJvJkn0zc,,,STX,CALL,STX270115C00380000,380,2027-01-15,IRA ROTH,,2026-04-20,213.56,1,21355.67,2026-04-29,356.87,1,35686.59,9,67.11,14330.92
L8ripbN40mwMkaPsatoy,,,ARM,CALL,ARM270115C00105000,105,2027-01-15,IRA,,2026-04-23,60.32,2,12063.34,2026-04-23,98.00,2,19600.24,0,62.48,7536.90
lVIwnBkwURUyTTdvzVV7,,,ARM,CALL,ARM280121C00170000,170,2028-01-21,IRA,,2026-05-04,88.00,1,8800.02,2026-05-07,94.00,1,9399.78,3,6.82,599.76
H4NzJ0DsB8XzDT1fcvjs,,,PANW,CALL,PANW280121C00200000,200,2028-01-21,DI Ind.,,2026-05-27,91.39,1,9138.67,2026-06-11,109.89,1,10989.10,15,20.25,1850.43
ARY47SPJaAhDrRtjylHq,,,AVGO,CALL,AVGO270115C00240000,240,2027-01-15,Margin,,2026-02-04,92.06,1,9206.02,2026-04-15,165.45,1,16545.00,70,79.72,7338.98
w66x0OSQ0PSDIOI98g7J,,,QCOM,CALL,QCOM280121C00150000,150,2028-01-21,IRA,,2026-05-12,78.66,1,7865.67,2026-06-03,129.02,1,12902.00,22,64.03,5036.33
cC3yIeUZBnTTsJpsSI2K,,,CRWD,CALL,CRWD270115C00350000,350,2027-01-15,IRA,,3/25/2026,92.30,1,9230.02,3/26/2026,96.59,1,9658.97,1,4.65,428.95
mQWLP5X8bbvDayVGuAtj,,,CRWD,CALL,CRWD270115C00350000,350,2027-01-15,IRA,,3/24/2026,98.00,1,9800.02,3/26/2026,96.59,1,9658.98,2,-1.44,-141.04
lu22LXvvA8KEwNktQTR5,,,LMND,CALL,LMND280121C00045000,45,2028-01-21,IRA,,2026-05-04,27.25,2,5450.05,2026-05-11,26.32,2,5264.54,7,-3.40,-185.51
fIC9FQmIjkP7MORc4Piy,,,ARM,CALL,ARM280121C00240000,240,2028-01-21,DI Ind.,,2026-05-27,148.01,1,14800.67,2026-06-08,194.50,1,19449.92,12,31.41,4649.25
h5iRpuJGyycewe2ReUIy,,,AMD,CALL,AMD280121C00290000,290,2028-01-21,IRA,,2026-04-27,127.79,1,12778.67,2026-05-07,201.73,1,20172.55,10,57.86,7393.88
0dFMjMFy7uassYCHRZ6C,,,FIG,CALL,FIG280121C00015000,15,2028-01-21,IRA,,2026-05-05,10.13,2,2026.00,2026-05-08,11.27,2,2254.00,3,11.25,228.00
QSCi9okFaKIcHLhz3ka8,,,FIG,CALL,FIG280121C00015000,15,2028-01-21,IRA,,2026-05-05,10.26,3,3078.07,2026-05-08,11.27,3,3381.00,3,9.84,302.93
Hso900SHVCk94XBmImCy,,,AMAT,CALL,AMAT270115C00260000,260,2027-01-15,IRA,,2026-03-30,101.00,1,10100.00,2026-04-09,157.65,1,15765.00,10,56.09,5665.00
3Dv1zFLNHXdI153GIgoA,,,DELL,CALL,DELL270115C00140000,140,2027-01-15,IRA,,2026-04-15,54.93,1,5492.67,2026-04-20,76.97,1,7697.17,5,40.14,2204.50
QKY2EV8RWNoTHadO2UVW,,,STX,CALL,STX280121C00600000,600,2028-01-21,IRA ROTH,,2026-05-12,377.01,1,37700.67,2026-06-11,446.98,1,44698.40,30,18.56,6997.73
XA6fTANrh2CzVHT8bXhk,,,TSM,CALL,TSM270115C00220000,220,2027-01-15,IRA ROTH,,2026-04-16,159.48,1,15947.67,2026-04-28,182.09,1,18208.94,12,14.18,2261.27
PbY8VDwgMWfr3ovlZMku,,,MDB,CALL,MDB280121C00280000,280,2028-01-21,IRA,,2026-06-03,170.86,1,17085.67,2026-06-10,181.02,1,18101.95,7,5.95,1016.28
RZ59AuTmuw542SsB7LVs,,,AMD,CALL,AMD280121C00340000,340,2028-01-21,IRA,,2026-05-15,190.52,1,19051.67,2026-06-08,245.99,1,24598.82,24,29.12,5547.15
zcEedDt6mWQ4yDLZsXRT,,,WDC,CALL,WDC270115C00190000,190,2027-01-15,IRA,,2026-03-30,104.51,1,10450.67,2026-04-09,179.45,1,17945.00,10,71.71,7494.33
YR7IxZN61ua3Pl5XDeTC,,,LULU,CALL,LULU280121C00110000,110,2028-01-21,IRA,,2026-05-04,48.60,1,4860.02,2026-05-28,49.99,1,4999.00,24,2.86,138.98
bjoBxOOFOH0E58s59KMX,,,NET,CALL,NET280121C00160000,160,2028-01-21,IRA,,2026-05-08,94.51,1,9450.67,2026-06-04,150.27,1,15027.00,27,59.00,5576.33
PNjc2N1npAbMWovyEFzw,,,PLTR,CALL,PLTR280121C00105000,105,2028-01-21,IRA,,2026-05-05,0.00,1,0.00,2026-05-08,0.00,1,0.00,3,,0.00
pdhWwe6muX4GAnimoQqH,,,PLTR,CALL,PLTR280121C00105000,105,2028-01-21,IRA,,2026-05-05,0.00,1,0.00,2026-05-08,0.00,1,0.00,3,,0.00
D5k587ywyrZY2k4CZyQG,,,OKTA,CALL,OKTA270115C00055000,55,2027-01-15,IRA,,2026-04-14,18.66,1,1865.67,2026-04-29,26.44,1,2644.27,15,41.73,778.60
ZlsrSTxYpz24teYVYjon,,,OKTA,CALL,OKTA270115C00055000,55,2027-01-15,IRA,,2026-04-22,29.35,1,2934.67,2026-04-29,26.44,1,2644.27,7,-9.90,-290.40
6mXVvn2mqZljxQ0catOh,,,ARM,CALL,ARM280121C00170000,170,2028-01-21,IRA,,2026-04-27,94.23,1,9422.67,2026-05-07,94.00,1,9399.78,10,-0.24,-22.89
ZPlqcP3inmbo35nFw05b,,,AVGO,CALL,AVGO280121C00240000,240,2028-01-21,DI IND,,2026-04-26,103.67,1,10366.67,2026-04-26,169.37,1,16936.98,0,63.38,6570.31
TOLI9lBBOMdaAzPm6WeG,,,LRCX,CALL,LRCX280121C00200000,200,2028-01-21,IRA ROTH,,2026-04-27,111.40,1,11139.67,2026-05-07,133.94,1,13393.69,10,20.23,2254.02
wzI6btqgKL42TVVjX4Q1,,,LRCX,CALL,LRCX280121C00200000,200,2028-01-21,IRA ROTH,,2026-04-23,108.01,1,10800.67,2026-05-07,133.94,1,13393.69,14,24.01,2593.02
D0rZMknOLdcdQE4RiT3y,,,ARM,CALL,ARM280121C00150000,150,2028-01-21,IRA ROTH,,2026-04-28,95.86,1,9585.67,2026-05-07,102.80,1,10279.76,9,7.24,694.09
ELEt9fsriVu9ywmIjSSd,,,OKTA,CALL,OKTA280121C00055000,55,2028-01-21,IRA,,2026-04-24,32.51,1,3250.67,2026-05-07,37.98,1,3797.90,13,16.83,547.23
fgnIW8rckW5RzPi3Suv3,,,OKTA,CALL,OKTA280121C00055000,55,2028-01-21,IRA,,2026-04-23,33.86,1,3385.67,2026-05-07,37.98,1,3797.90,14,12.18,412.23
i41EOkmHeldkmByosGdm,,,NOW,CALL,NOW280121C00070000,70,2028-01-21,IRA,,2026-04-29,36.52,1,3651.67,2026-05-29,67.71,1,6771.00,30,85.42,3119.33
ZLf46PZG7nwOWM9R3hKV,,,CRWD,CALL,CRWD270115C00350000,350,2027-01-15,DI IND,,2026-03-16,124.32,1,12431.67,2026-04-27,142.09,1,14209.03,42,14.30,1777.36
sM8bVHdD7lJ8Uw3ik3FL,,,HIMS,CALL,HIMS280121C00025000,25,2028-01-21,IRA ROTH,,2026-04-29,13.05,5,6523.36,2026-05-15,10.84,5,5421.00,16,-16.90,-1102.36
DynRqnrhsXoONHmcJad4,,,STX,CALL,STX280121C00500000,500,2028-01-21,IRA,,2026-04-29,302.01,1,30200.67,2026-05-07,398.04,1,39804.16,8,31.80,9603.49
MynyAyjcId8EOP6JodJX,,,LULU,CALL,LULU280121C00095000,95,2028-01-21,IRA,,2026-05-19,46.33,1,4632.67,2026-05-28,58.42,1,5842.00,9,26.10,1209.33
zsys61zLMKsNsZcxvIXC,,,ARM,CALL,ARM280121C00240000,240,2028-01-21,IRA ROTH,,2026-05-27,146.76,1,14675.67,2026-06-01,244.00,1,24399.82,5,66.26,9724.15
llPk3JqjnRabY7Uxc4vu,,,PANW,CALL,PANW280121C00150000,150,2028-01-21,IRA ROTH,,2026-05-08,78.86,1,7885.67,2026-05-18,121.18,1,12118.08,10,53.67,4232.41
jY2AwsQ4MbCAvgM75Ge6,,,VRT,CALL,VRT270115C00190000,190,2027-01-15,IRA,,2026-03-30,79.01,1,7900.67,2026-04-20,143.33,1,14333.00,21,81.41,6432.33
lgA8RJrWs6G56Queyyad,,,ARM,CALL,ARM280121C00160000,160,2028-01-21,IRA ROTH,,2026-05-07,98.05,1,9805.02,2026-05-22,189.63,1,18962.93,15,93.40,9157.91
5g9RcBNisqpsAXTAS9H7,,,ARM,CALL,ARM280121C00160000,160,2028-01-21,DI Ind.,,2026-04-27,97.24,1,9723.67,2026-05-20,139.00,1,13900.00,23,42.95,4176.33
WeKbKEYE4OTkSeNBuW1i,,,CVE,CALL,CVE280121C00022000,22,2028-01-21,IRA,,2026-04-29,9.71,10,9706.73,2026-05-11,10.10,10,10100.00,12,4.05,393.27
OW7aILVfwG0dRO8bRQ8g,,,RDDT,CALL,RDDT280121C00100000,100,2028-01-21,IRA ROTH,,2026-05-22,72.13,1,7212.67,2026-06-08,95.28,1,9528.13,17,32.10,2315.46
xzUqtntStNKPUuSLJf3i,,,MU,CALL,MU280121C00390000,390,2028-01-21,IRA,,2026-04-22,220.79,1,22078.67,2026-05-07,363.74,1,36374.23,15,64.75,14295.56
3VzYHq4F03Zr8HRcauTe,,,LRCX,CALL,LRCX270115C00200000,200,2027-01-15,IRA ROTH,,2026-04-22,87.44,1,8743.67,2026-05-04,84.23,1,8422.80,12,-3.67,-320.87
Mt5M0HDaZ6Oriz7nBtee,,,LRCX,CALL,LRCX270115C00200000,200,2027-01-15,IRA ROTH,,2026-04-21,88.76,1,8875.67,2026-05-04,84.23,1,8422.80,13,-5.10,-452.87
pYtEqXtWWrlwaJJf9zpg,,,LRCX,CALL,LRCX270115C00200000,200,2027-01-15,IRA ROTH,,2026-04-21,88.76,1,8875.67,2026-05-04,84.23,1,8422.80,13,-5.10,-452.87
HszkwxAgIorihv9r2Y23,,,ORCL,CALL,ORCL280121C00150000,150,2028-01-21,IRA,,2026-04-22,74.54,2,14907.35,2026-05-07,78.70,2,15739.63,15,5.58,832.28
e8KYbf0e1jihimr2vMXo,,,ORCL,CALL,ORCL280121C00150000,150,2028-01-21,IRA,,2026-04-22,74.54,1,7453.67,2026-05-07,78.70,1,7869.81,15,5.58,416.14
lR70tOHJLkpCffd4i2zU,,,ORCL,CALL,ORCL280121C00150000,150,2028-01-21,IRA,,2026-04-27,62.09,1,6208.67,2026-05-07,78.70,1,7869.81,10,26.76,1661.14
nDdaiPdynXcpXh47A5wx,,,ORCL,CALL,ORCL280121C00150000,150,2028-01-21,IRA,,2026-04-24,61.87,1,6186.67,2026-05-07,78.70,1,7869.81,13,27.21,1683.14
wewqSHTwFXTguEai5xKD,,,ORCL,CALL,ORCL280121C00150000,150,2028-01-21,IRA,,2026-04-23,67.96,1,6795.67,2026-05-07,78.70,1,7869.81,14,15.81,1074.14
PzMklum70aTnCSZqif7y,,,AMAT,CALL,AMAT280121C00300000,300,2028-01-21,IRA,,2026-04-27,168.26,1,16825.67,2026-05-07,176.14,1,17614.33,10,4.69,788.66
QTXX3bFHm7fm9RKfIDbH,,,NET,CALL,NET280121C00160000,160,2028-01-21,IRA,,2026-05-08,104.16,1,10415.67,2026-06-04,151.99,1,15199.00,27,45.92,4783.33
WV7iR3NJjLYaL32vgGxw,,,COHR,CALL,COHR280121C00250000,250,2028-01-21,IRA,,2026-05-07,159.70,1,15970.02,2026-06-02,259.99,1,25998.79,26,62.80,10028.77
xLtlpiNKjPMxO8KneLnh,,,ALAB,CALL,ALAB280121C00250000,250,2028-01-21,IRA,,2026-06-01,169.28,1,16927.67,2026-06-11,207.49,1,20748.90,10,22.57,3821.23
TjvldScSb7ZrZWLXFK5P,,,CRWD,CALL,CRWD280121C00350000,350,2028-01-21,IRA,,2026-04-23,174.26,1,17425.67,2026-05-07,218.68,1,21867.52,14,25.49,4441.85
1CYQTaE3WuVuADGRx6Uq,,,STX,CALL,STX280121C00550000,550,2028-01-21,IRA,,2026-05-18,361.21,1,36120.67,2026-06-04,556.38,1,55638.18,17,54.03,19517.51
oghG4LZuXQcJGUtPP48Z,,,ARM,CALL,ARM280121C00160000,160,2028-01-21,DI Ind.,,2026-04-28,87.26,1,8725.67,2026-05-21,166.49,1,16648.98,23,90.80,7923.31
RrNHczaOQhzWJV6XBvXJ,,,NVDA,CALL,NVDA270115C00150000,150,2027-01-15,IRA,,2026-02-13,52.60,1,5260.02,3/13/2026,50.08,1,5007.98,28,-4.79,-252.04
TJqgAFOElIdVOenqLDmr,,,AMD,CALL,AMD280121C00310000,310,2028-01-21,IRA ROTH,,2026-05-07,187.77,1,18777.02,2026-06-03,305.08,1,30508.00,27,62.48,11730.98
iN7L9C003WijKcFb6x5y,,,NET,CALL,NET270115C00135000,135,2027-01-15,IRA,,2026-04-10,58.62,1,5861.67,2026-04-28,93.72,1,9371.63,18,59.88,3509.96
poUWrTmG78P1ZxWrknSp,,,NET,CALL,NET270115C00135000,135,2027-01-15,IRA,,2026-04-09,75.01,1,7500.67,2026-04-28,93.72,1,9371.63,19,24.94,1870.96
rQ0pOJDVJ6oiu0KlICbb,,,PLTR,CALL,PLTR270115C00100000,100,2027-01-15,Margin,,2026-02-04,49.07,3,14720.06,2026-04-28,51.81,3,15543.66,83,5.60,823.60
xjV3BG3ie177izipzgFh,,,ANET,CALL,ANET280121C00115000,115,2028-01-21,DI Ind.,,2026-05-08,56.92,1,5691.67,2026-06-11,67.24,1,6724.19,34,18.14,1032.52
QnqfAE0h6Q5fqsG6O8Fu,,,WDC,CALL,WDC280121C00330000,330,2028-01-21,IRA,,2026-04-29,206.41,1,20640.67,2026-05-08,238.00,1,23800.00,9,15.31,3159.33
UNzVNvce1f067ZdJq7Du,,,EWY,CALL,EWY280121C00125000,125,2028-01-21,IRA ROTH,,2026-05-12,71.76,1,7175.67,2026-06-10,82.69,1,8269.15,29,15.24,1093.48
XlKeExI6DatEX7Oc7QjJ,,,DELL,CALL,DELL280121C00175000,175,2028-01-21,IRA,,2026-04-28,74.87,1,7486.67,2026-05-07,95.69,1,9568.77,9,27.81,2082.10
LJFZLL2sS42twpddLTKj,,,PANW,CALL,PANW270115C00105000,105,2027-01-15,IRA,,2026-03-30,57.01,1,5700.67,2026-04-28,84.56,1,8456.15,29,48.34,2755.48
fxjn5Vh7SQ5i3slHfy9e,,,PANW,CALL,PANW270115C00105000,105,2027-01-15,IRA,,2026-04-10,57.31,1,5730.67,2026-04-28,84.74,1,8474.15,18,47.87,2743.48
DuchDtZl1gjYD3oL2YIa,,,DELL,CALL,DELL280121C00175000,175,2028-01-21,IRA,,2026-05-12,98.59,1,9858.67,2026-05-28,182.02,1,18201.95,16,84.63,8343.28
9ClzGVbyov3E4ojenIkM,,,QCOM,CALL,QCOM280121C00160000,160,2028-01-21,IRA ROTH,,2026-05-12,75.43,1,7542.67,2026-06-03,122.49,1,12249.07,22,62.40,4706.40
eIMz4Z5kgQnEVURJbsvF,,,SNOW,CALL,SNOW280121C00115000,115,2028-01-21,IRA ROTH,,2026-04-29,60.07,1,6006.67,2026-05-07,70.42,1,7042.00,8,17.24,1035.33
ncZg5CXtCVZrHI8f0rg1,,,DDOG,CALL,DDOG280121C00150000,150,2028-01-21,IRA ROTH,,2026-05-12,86.51,1,8650.67,2026-06-01,149.49,1,14949.00,20,72.81,6298.33
SDWsMwASqDFDtxQoghhT,,,PANW,CALL,PANW280121C00195000,195,2028-01-21,IRA ROTH,,2026-05-27,95.21,1,9520.67,2026-06-11,115.87,1,11587.09,15,21.70,2066.42
r1mn43S33f2KSNk5XOj0,,,CVE,CALL,CVE280121C00022000,22,2028-01-21,IRA,,2026-05-05,12.40,5,6200.11,2026-05-11,10.10,5,5050.00,6,-18.55,-1150.11
rW8mf2dYd8XeEoP4Lr6j,,,CVE,CALL,CVE280121C00022000,22,2028-01-21,IRA,,2026-05-05,12.40,5,6200.11,2026-05-11,10.10,5,5050.00,6,-18.55,-1150.11
wTkFq7WUn6qjKwbEwTxv,,,DELL,CALL,DELL280121C00175000,175,2028-01-21,IRA,,2026-04-22,82.61,1,8260.67,2026-05-07,95.69,1,9568.77,15,15.84,1308.10
rSWU8nxIXDhPz0vQF9Y1,,,CRWD,CALL,CRWD270115C00300000,300,2027-01-15,IRA,,2026-04-14,132.73,1,13272.67,2026-04-27,179.72,1,17971.95,13,35.41,4699.28
0B3utZ05X6BZ9EHXE07g,,,MDB,CALL,MDB280121C00240000,240,2028-01-21,IRA,,2026-05-29,149.41,1,14940.67,2026-06-10,184.84,1,18483.94,12,23.72,3543.27
kpMu7rwRZmiKLum6740o,,,NET,CALL,NET270115C00135000,135,2027-01-15,IRA,,2026-04-09,69.25,1,6925.00,2026-04-28,93.54,1,9354.13,19,35.08,2429.13
CrnMTlQlbn57ngRiKZgZ,,,FIG,CALL,FIG280121C00015000,15,2028-01-21,IRA,,2026-04-23,8.55,5,4273.36,2026-05-08,11.27,5,5635.00,15,31.86,1361.64
nxJNVrdW23Sk81rVSjj8,,,FIG,CALL,FIG280121C00015000,15,2028-01-21,IRA,,2026-04-23,8.70,5,4348.36,2026-05-08,11.27,5,5635.00,15,29.59,1286.64
7BAGBYHAJ02gdSxZO6Ip,,,CEG,CALL,CEG270115C00230000,230,2027-01-15,IRA ROTH,,2026-04-20,85.39,1,8538.67,2026-04-28,104.01,1,10401.11,8,21.81,1862.44
NeGd04Lm6utCoETCbYi6,,,CEG,CALL,CEG270115C00230000,230,2027-01-15,IRA ROTH,,2026-04-21,76.51,1,7650.67,2026-04-28,104.01,1,10401.11,7,35.95,2750.44
uEcJVy3RmFScvnO5VoEu,,,CEG,CALL,CEG270115C00230000,230,2027-01-15,IRA ROTH,,2026-04-21,78.71,1,7870.67,2026-04-28,104.44,1,10444.11,7,32.70,2573.44
wOXxxrPDFuXEfxb9qYCs,,,FSLY,CALL,FSLY280121C00012500,12.5,2028-01-21,IRA,,2026-05-21,9.17,1,916.67,2026-06-11,10.77,1,1077.30,21,17.52,160.63
jVV0qZnznDz6kn6gI5Dc,,,AMD,CALL,AMD270115C00160000,160,2027-01-15,IRA,,2/18/2026,61.70,1,6170.02,3/25/2026,79.90,1,7989.98,34,29.50,1819.96
knx6EpRtpmw4LGSvM6QF,,,AMD,CALL,AMD270115C00160000,160,2027-01-15,IRA,,3/13/2026,59.27,1,5927.02,3/25/2026,80.60,1,8059.98,12,35.99,2132.96
lEnVRBxZdX8R2lJvXFhw,,,AMD,CALL,AMD270115C00160000,160,2027-01-15,IRA,,2/23/2026,61.60,1,6160.02,3/25/2026,79.90,1,7989.97,29,29.71,1829.95
murxzOWbA53n4iifHknE,,,AMD,CALL,AMD270115C00160000,160,2027-01-15,IRA,,3/19/2026,61.23,1,6123.02,3/25/2026,80.60,1,8059.97,6,31.63,1936.95
sHzB3VaeTnM7jFcUu7FU,,,AMD,CALL,AMD270115C00160000,160,2027-01-15,IRA,,3/12/2026,63.60,1,6360.02,3/25/2026,80.60,1,8059.98,13,26.73,1699.96
Tr4gaa0YMuk2jY1wnzTG,,,SOXX,CALL,SOXX270115C00270000,270,2027-01-15,IRA,,2026-03-02,92.12,5,46060.10,2026-04-19,93.74,5,46869.90,48,1.76,809.80
GS6aYK75UJTEJ5lvkHLJ,,,CAH,CALL,CAH280121C00160000,160,2028-01-21,IRA,,2026-05-08,51.51,1,5150.67,2026-06-05,64.56,1,6456.00,28,25.34,1305.33